,Player,Tm,FantPos,Age,G,GS,Cmp,Att,Yds,TD,Int,Att,Yds,Y/A,TD,Tgt,Rec,Yds,Y/R,TD,Fmb,FL,TD,2PM,2PP,FantPt,PPR,DKPt,FDPt,VBD,PosRank,OvRank,Year
0,Derrick Henry *+,TEN,RB,26,16,16,0,0,0,0,0,378,2027,5.36,17,31,19,114,6.00,0,3,2,17,1,0,314,333.1,341.1,323.6,184,1,1,2020
1,Alvin Kamara*,NOR,RB,25,15,10,0,0,0,0,0,187,932,4.98,16,107,83,756,9.11,5,1,0,21,0,0,295,377.8,383.8,336.3,165,2,2,2020
2,Dalvin Cook*,MIN,RB,25,14,14,0,0,0,0,0,312,1557,4.99,16,54,44,361,8.20,1,5,3,17,3,0,294,337.8,346.8,315.8,164,3,3,2020
3,Travis Kelce*+,KAN,TE,31,15,15,1,2,4,0,0,0,0,0,0,145,105,1416,13.49,11,1,1,11,1,0,208,312.8,316.8,260.3,117,1,4,2020
4,Davante Adams*+,GNB,WR,28,14,14,0,0,0,0,0,0,0,0,0,149,115,1374,11.95,18,1,1,18,0,0,243,358.4,362.4,300.9,117,1,5,2020
5,Tyreek Hill*+,KAN,WR,26,15,15,0,0,0,0,0,13,123,9.46,2,135,87,1276,14.67,15,1,0,17,0,0,242,328.9,334.9,285.4,116,2,6,2020
6,Josh Allen*,BUF,QB,24,16,16,396,572,4544,37,10,102,421,4.13,8,1,1,12,12.00,1,9,6,9,0,0,395,396.1,418.1,405.6,113,1,7,2020
7,Aaron Rodgers*+,GNB,QB,37,16,16,372,526,4299,48,5,38,149,3.92,3,1,1,-6,-6.00,0,4,2,3,0,0,382,383.3,396.3,387.8,100,2,8,2020
8,Kyler Murray*,ARI,QB,23,16,16,375,558,3971,26,12,133,819,6.16,11,0,0,0,0,0,9,4,11,0,0,379,378.7,400.7,390.7,96,3,9,2020
9,Patrick Mahomes*,KAN,QB,25,15,15,390,588,4740,38,6,62,308,4.97,2,2,0,0,0,0,5,2,2,0,3,374,374.4,388.4,380.4,92,4,10,2020
10,Deshaun Watson*,HOU,QB,25,16,16,382,544,4823,33,7,90,444,4.93,3,0,0,0,0,0,8,3,3,0,1,369,369.3,385.3,376.3,87,5,11,2020
11,Jonathan Taylor,IND,RB,21,15,13,0,0,0,0,0,232,1169,5.04,11,39,36,299,8.31,1,1,1,12,0,0,217,252.8,259.8,234.8,87,4,12,2020
12,Aaron Jones*,GNB,RB,26,14,14,0,0,0,0,0,201,1104,5.49,9,63,47,355,7.55,2,2,0,11,0,0,212,258.9,264.9,235.4,82,5,13,2020
13,Darren Waller*,LVR,TE,28,16,15,0,0,0,0,0,0,0,0,0,145,107,1196,11.18,9,2,2,9,1,0,172,278.6,283.6,225.1,81,2,14,2020
14,David Montgomery,CHI,RB,23,15,14,0,0,0,0,0,247,1070,4.33,8,68,54,438,8.11,2,1,1,10,1,0,211,264.8,271.8,237.8,81,6,15,2020
15,Russell Wilson*,SEA,QB,32,16,16,384,558,4212,40,13,83,513,6.18,2,0,0,0,0,0,7,4,2,0,1,360,359.8,382.8,372.8,77,6,16,2020
16,Stefon Diggs*+,BUF,WR,27,16,15,0,0,0,0,0,1,1,1.00,0,166,127,1535,12.09,8,0,0,8,0,0,202,328.6,331.6,265.1,75,3,17,2020
17,James Robinson,JAX,RB,22,14,14,0,0,0,0,0,240,1070,4.46,7,60,49,344,7.02,3,3,1,10,1,0,201,250.4,257.4,225.9,71,7,18,2020
18,Josh Jacobs*,LVR,RB,22,15,15,0,0,0,0,0,273,1065,3.90,12,45,33,238,7.21,0,2,2,12,0,0,198,231.3,239.3,214.8,68,8,19,2020
19,Calvin Ridley,ATL,WR,26,15,15,0,0,0,0,0,5,1,0.20,0,143,90,1374,15.27,9,1,1,9,1,0,192,281.5,285.5,236.5,65,4,20,2020
20,D.K. Metcalf*,SEA,WR,23,16,16,0,0,0,0,0,0,0,0,0,129,83,1303,15.70,10,1,1,10,0,0,188,271.3,275.3,229.8,62,5,21,2020
21,Nick Chubb*,CLE,RB,25,12,12,0,0,0,0,0,190,1067,5.62,12,18,16,150,9.38,0,1,1,12,0,0,192,207.7,214.7,199.7,62,9,22,2020
22,Ryan Tannehill,TEN,QB,32,16,16,315,481,3819,33,7,43,266,6.19,7,1,1,0,0.00,0,6,1,7,2,1,343,344.4,358.4,350.9,61,7,23,2020
23,Justin Jefferson*,MIN,WR,21,16,14,0,0,0,0,0,1,2,2.00,0,125,88,1400,15.91,7,1,0,7,2,0,186,274.2,277.2,230.2,60,6,24,2020
24,Tom Brady,TAM,QB,43,16,16,401,610,4633,40,12,30,6,0.20,3,0,0,0,0,0,4,1,3,0,0,338,337.9,353.9,349.9,55,8,25,2020
25,Adam Thielen,MIN,WR,30,15,15,0,0,0,0,0,3,15,5.00,0,108,74,925,12.50,14,0,0,14,1,0,180,254.0,257.0,217.0,54,7,26,2020
26,Mike Evans,TAM,WR,27,16,16,0,0,0,0,0,0,0,0,0,109,70,1006,14.37,13,0,0,13,0,0,179,248.6,251.6,213.6,52,8,27,2020
27,A.J. Brown*,TEN,WR,23,14,12,0,0,0,0,0,0,0,0,0,106,70,1075,15.36,11,2,1,12,0,0,178,247.5,251.5,212.5,51,9,28,2020
28,Justin Herbert,LAC,QB,22,15,15,396,595,4336,31,10,55,234,4.25,5,0,0,0,0,0,8,1,5,0,2,333,332.8,349.8,342.8,50,9,29,2020
29,Lamar Jackson,BAL,QB,23,15,15,242,376,2757,26,9,159,1005,6.32,7,0,0,0,0,0,10,4,7,0,1,333,332.8,351.8,341.8,50,10,30,2020
30,Kareem Hunt,CLE,RB,25,16,5,0,0,0,0,0,198,841,4.25,6,51,38,304,8.00,5,2,0,11,0,0,181,218.5,224.5,199.5,50,10,31,2020
31,DeAndre Hopkins*,ARI,WR,28,16,16,0,0,0,0,0,1,1,1.00,0,160,115,1407,12.23,6,3,2,6,0,0,173,287.8,292.8,230.3,46,10,32,2020
32,Ezekiel Elliott,DAL,RB,25,15,15,0,0,0,0,0,244,979,4.01,6,71,52,338,6.50,2,6,5,8,1,0,172,223.7,234.7,197.7,42,11,33,2020
33,Tyler Lockett,SEA,WR,28,16,16,0,0,0,0,0,0,0,0,0,132,100,1054,10.54,10,1,0,10,0,0,165,265.4,268.4,215.4,39,11,34,2020
34,Kenyan Drake,ARI,RB,26,15,13,0,0,0,0,0,239,955,4.00,10,31,25,137,5.48,0,3,1,10,0,0,167,192.2,199.2,179.7,37,12,35,2020
35,Melvin Gordon,DEN,RB,27,15,10,0,0,0,0,0,215,986,4.59,9,44,32,158,4.94,1,4,4,10,0,0,166,198.4,208.4,182.4,36,13,36,2020
36,Antonio Gibson ,WAS,RB,22,14,10,0,0,0,0,0,170,795,4.68,11,44,36,247,6.86,0,1,2,11,0,0,166,202.2,210.2,184.2,36,14,37,2020
37,Allen Robinson,CHI,WR,27,16,16,0,0,0,0,0,1,-1,-1.00,0,151,102,1250,12.25,6,0,0,6,0,0,161,262.9,265.9,211.9,35,12,38,2020
38,Robert Tonyan,GNB,TE,26,16,8,0,0,0,0,0,0,0,0,0,59,52,586,11.27,11,0,0,11,0,0,125,176.6,179.6,150.6,34,3,39,2020
39,Robert Woods,LAR,WR,28,16,16,0,0,0,0,0,24,155,6.46,2,129,90,936,10.40,6,2,1,8,0,0,155,245.1,252.1,200.1,29,13,40,2020
40,Ronald Jones II,TAM,RB,23,14,13,0,0,0,0,0,192,978,5.09,7,42,28,165,5.89,1,2,2,8,0,0,158,186.3,194.3,172.3,28,15,41,2020
41,Chase Claypool,PIT,WR,22,16,6,0,0,0,0,0,10,16,1.60,2,109,62,873,14.08,9,3,1,11,0,0,153,214.9,218.9,183.9,27,14,42,2020
42,Marvin Jones,DET,WR,30,16,16,0,0,0,0,0,0,0,0,0,115,76,978,12.87,9,0,0,9,0,0,152,227.8,230.8,189.8,25,15,43,2020
43,Brandin Cooks,HOU,WR,27,15,15,0,0,0,0,0,0,0,0,0,119,81,1150,14.20,6,0,0,6,0,0,151,232.0,235.0,191.5,25,16,44,2020
44,Kirk Cousins,MIN,QB,32,16,16,349,516,4265,35,13,32,156,4.88,1,0,0,0,0,0,9,5,1,0,5,306,306.2,330.2,319.2,24,11,45,2020
45,Taysom Hill,NOR,WR,30,16,8,88,121,928,4,2,87,457,5.25,8,12,8,98,12.25,1,10,5,9,0,0,149,156.6,169.6,154.6,22,17,46,2020
46,Mark Andrews,BAL,TE,25,14,2,0,0,0,0,0,0,0,0,0,88,58,701,12.09,7,2,0,7,0,0,112,170.1,173.1,141.1,22,4,47,2020
47,Chris Carson,SEA,RB,26,12,12,0,0,0,0,0,141,681,4.83,5,46,37,287,7.76,4,1,0,9,0,0,151,187.8,193.8,169.3,21,16,48,2020
48,J.K. Dobbins,BAL,RB,22,15,1,0,0,0,0,0,134,805,6.01,9,24,18,120,6.67,0,2,0,9,2,0,151,168.5,174.5,159.5,20,17,49,2020
49,D.J. Moore,CAR,WR,23,15,14,0,1,0,0,0,2,22,11.00,0,118,66,1193,18.08,4,0,0,4,0,0,146,211.5,214.5,178.5,19,18,50,2020
50,Keenan Allen*,LAC,WR,28,14,13,0,1,0,0,0,1,-1,-1.00,0,147,100,992,9.92,8,3,2,8,1,0,145,245.1,250.1,195.1,19,19,51,2020
51,Amari Cooper,DAL,WR,26,16,15,0,0,0,0,0,6,14,2.33,0,130,92,1114,12.11,5,0,0,5,1,0,145,236.8,239.8,190.8,18,20,52,2020
52,T.J. Hockenson*,DET,TE,23,16,16,0,0,0,0,0,1,0,0.00,0,101,67,723,10.79,6,1,1,6,1,0,108,175.3,179.3,141.8,18,5,53,2020
53,Mike Davis,CAR,RB,27,15,12,0,0,0,0,0,165,642,3.89,6,70,59,373,6.32,2,1,1,8,0,0,148,206.5,213.5,177.0,17,18,54,2020
54,CeeDee Lamb,DAL,WR,21,16,14,0,0,0,0,0,10,82,8.20,1,111,74,935,12.64,5,2,1,7,1,0,144,217.7,221.7,180.7,17,21,55,2020
55,David Johnson,HOU,RB,29,12,12,0,0,0,0,0,147,691,4.70,6,46,33,314,9.52,2,2,1,8,0,0,147,179.5,186.5,163.0,16,19,56,2020
56,Mike Gesicki,MIA,TE,25,15,9,0,0,0,0,0,0,0,0,0,85,53,703,13.26,6,0,0,6,0,0,106,159.3,162.3,132.8,16,6,57,2020
57,Logan Thomas,WAS,TE,29,16,15,1,1,28,0,0,3,5,1.67,0,110,72,670,9.31,6,0,0,6,0,0,105,176.6,179.6,140.6,14,7,58,2020
58,Rob Gronkowski,TAM,TE,31,16,16,0,0,0,0,0,0,0,0,0,77,45,623,13.84,7,1,0,7,0,0,104,149.3,152.3,126.8,14,8,59,2020
59,D'Andre Swift,DET,RB,21,13,4,0,0,0,0,0,114,521,4.57,8,57,46,357,7.76,2,3,2,10,0,0,144,189.8,197.8,166.8,14,20,60,2020
60,Miles Sanders,PHI,RB,23,12,11,0,0,0,0,0,164,867,5.29,6,52,28,197,7.04,0,4,2,6,2,0,142,170.4,178.4,156.4,12,21,61,2020
61,Nelson Agholor,LVR,WR,27,16,13,0,0,0,0,0,0,0,0,0,82,48,896,18.67,8,0,0,8,0,0,138,185.6,188.6,161.6,11,22,62,2020
62,JuJu Smith-Schuster,PIT,WR,24,16,14,0,0,0,0,0,0,0,0,0,128,97,831,8.57,9,3,1,9,1,0,137,234.1,238.1,185.6,11,23,63,2020
63,Terry McLaurin,WAS,WR,25,15,15,0,0,0,0,0,2,30,15.00,0,134,87,1118,12.85,4,1,1,4,0,0,137,223.8,227.8,180.3,10,24,64,2020
64,Clyde Edwards-Helaire,KAN,RB,21,13,13,0,0,0,0,0,181,803,4.44,4,54,36,297,8.25,1,0,0,5,0,0,140,176.0,182.0,158.0,10,22,65,2020
65,Will Fuller,HOU,WR,26,11,11,0,0,0,0,0,1,0,0.00,0,75,53,879,16.58,8,0,0,8,0,0,136,188.9,191.9,162.4,10,25,66,2020
66,Jonnu Smith,TEN,TE,25,15,14,0,0,0,0,0,2,4,2.00,1,65,41,448,10.93,8,0,0,9,0,0,99,140.2,143.2,119.7,9,9,67,2020
67,Curtis Samuel,CAR,WR,24,15,5,0,0,0,0,0,41,200,4.88,2,97,77,851,11.05,3,1,0,5,0,0,135,212.1,218.1,173.6,9,26,68,2020
68,Todd Gurley,ATL,RB,26,15,15,0,0,0,0,0,195,678,3.48,9,35,25,164,6.56,0,2,0,9,0,0,138,163.2,169.2,150.7,8,23,69,2020
69,Diontae Johnson,PIT,WR,24,15,13,0,0,0,0,0,3,15,5.00,0,144,88,923,10.49,7,2,1,7,0,0,134,221.8,225.8,177.8,7,27,70,2020
70,Jimmy Graham,CHI,TE,34,16,15,0,0,0,0,0,0,0,0,0,76,50,456,9.12,8,1,0,8,0,0,94,143.6,146.6,118.6,3,10,71,2020
71,Hayden Hurst,ATL,TE,27,16,9,0,0,0,0,0,0,0,0,0,88,56,571,10.20,6,0,0,6,0,0,93,149.1,152.1,121.1,3,11,72,2020
72,Robby Anderson,CAR,WR,27,16,16,0,0,0,0,0,4,15,3.75,0,136,95,1096,11.54,3,1,1,3,1,0,129,224.1,228.1,176.6,3,28,73,2020
73,Tee Higgins,CIN,WR,21,16,14,0,0,0,0,0,5,28,5.60,0,108,67,908,13.55,6,1,1,6,0,0,128,194.6,198.6,161.1,1,29,74,2020
74,Matt Ryan,ATL,QB,35,16,16,407,626,4581,26,11,29,92,3.17,2,0,0,0,0,0,6,3,2,0,1,282,282.4,299.4,293.4,0,12,75,2020
75,Johnny Stanton,CLE,0,26,1,0,0,0,0,0,0,0,0,0,0,0,0,0,0,0,0,0,0,0,0,0,0,0,0,0,2,76,2020
76,Nyheim Hines,IND,RB,24,16,2,0,0,0,0,0,89,380,4.27,3,76,63,482,7.65,4,0,0,7,1,0,130,193.2,199.2,161.7,0,24,77,2020
77,Corey Davis,TEN,WR,25,14,12,0,0,0,0,0,0,0,0,0,92,65,984,15.14,5,1,1,5,0,0,126,191.4,195.4,158.9,0,30,78,2020
78,Derek Carr,LVR,QB,29,16,16,348,517,4103,27,9,39,140,3.59,3,0,0,0,0,0,11,8,3,0,1,272,272.1,295.1,281.1,0,13,0,2020
79,Ben Roethlisberger,PIT,QB,38,15,15,399,608,3803,33,10,25,11,0.44,0,0,0,0,0,0,5,1,0,0,2,267,267.2,281.2,277.2,0,14,0,2020
80,Matthew Stafford,DET,QB,32,16,16,339,528,4084,26,10,29,112,3.86,0,1,0,0,0,0,2,1,0,0,2,261,260.6,277.6,270.6,0,15,0,2020
81,Cam Newton,NWE,QB,31,15,15,242,368,2657,8,10,137,592,4.32,12,2,2,35,17.50,1,6,1,13,0,1,259,261.0,278.0,270.0,0,16,0,2020
82,Baker Mayfield,CLE,QB,25,16,16,305,486,3563,26,8,54,165,3.06,1,1,1,6,6.00,0,8,4,1,0,1,248,248.6,266.6,256.1,0,17,0,2020
83,Teddy Bridgewater,CAR,QB,28,15,15,340,492,3733,15,11,53,279,5.26,5,0,0,0,0,0,6,3,5,0,1,241,241.2,261.2,252.2,0,18,0,2020
84,Jared Goff,LAR,QB,26,15,15,370,552,3952,20,13,51,99,1.94,4,0,0,0,0,0,7,4,4,0,1,240,240.0,260.0,253.0,0,19,0,2020
85,Philip Rivers,IND,QB,39,16,16,369,543,4169,24,11,18,-8,-0.44,0,0,0,0,0,0,2,1,0,0,1,240,240.0,255.0,251.0,0,20,0,2020
86,Drew Brees,NOR,QB,41,12,12,275,390,2942,24,6,18,-2,-0.11,2,0,0,0,0,0,6,2,2,0,0,209,209.5,220.5,215.5,0,21,0,2020
87,Carson Wentz,PHI,QB,28,12,12,251,437,2620,16,15,52,276,5.31,5,0,0,0,0,0,10,4,5,0,5,198,198.4,223.4,213.4,0,22,0,2020
88,Drew Lock,DEN,QB,24,13,13,254,443,2933,16,15,44,160,3.64,3,0,0,0,0,0,8,3,3,0,1,181,181.3,205.3,196.3,0,23,0,2020
89,Daniel Jones,NYG,QB,23,14,14,280,448,2943,11,10,65,423,6.51,1,0,0,0,0,0,10,6,1,0,1,180,180.0,202.0,190.0,0,24,0,2020
90,Joe Burrow,CIN,QB,24,10,10,264,404,2688,13,5,37,142,3.84,3,0,0,0,0,0,9,4,3,0,0,174,173.7,188.7,178.7,0,25,0,2020
91,Gardner Minshew II,JAX,QB,24,9,8,216,327,2259,16,5,29,153,5.28,1,1,1,0,0.00,0,5,4,1,0,1,160,160.7,175.7,165.2,0,26,0,2020
92,Mitchell Trubisky,CHI,QB,26,10,9,199,297,2055,16,8,33,195,5.91,1,0,0,0,0,0,6,2,1,0,1,154,153.7,169.7,161.7,0,27,0,2020
93,Ryan Fitzpatrick,MIA,QB,38,9,7,183,267,2091,13,8,30,151,5.03,2,1,1,0,0.00,0,2,0,2,1,2,153,153.7,167.7,161.2,0,28,0,2020
94,Andy Dalton,DAL,QB,33,11,9,216,333,2170,14,8,28,114,4.07,0,1,1,-3,-3.00,0,2,1,0,0,0,136,136.9,151.9,144.4,0,29,0,2020
95,Dak Prescott,DAL,QB,27,5,5,151,222,1856,9,4,18,93,5.17,3,1,1,11,11.00,1,3,3,4,1,1,135,135.6,145.6,139.1,0,31,0,2020
96,Tua Tagovailoa,MIA,QB,22,10,9,186,290,1814,11,5,36,109,3.03,3,0,0,0,0,0,1,1,3,0,1,135,135.5,147.5,140.5,0,30,0,2020
97,Sam Darnold,NYJ,QB,23,12,12,217,364,2208,9,11,37,217,5.86,2,0,0,0,0,0,4,2,2,0,1,134,134.0,153.0,145.0,0,32,0,2020
98,James Conner,PIT,RB,25,13,11,0,0,0,0,0,169,721,4.27,6,43,35,215,6.14,0,2,0,6,0,0,130,164.6,170.6,147.1,0,25,0,2020
99,Jeff Wilson,SFO,RB,25,12,3,0,0,0,0,0,126,600,4.76,7,28,13,133,10.23,3,2,2,10,0,0,129,142.3,150.3,135.8,0,26,0,2020
100,Cole Beasley,BUF,WR,31,15,10,1,1,20,1,0,0,0,0,0,107,82,967,11.79,4,0,0,4,0,0,126,207.5,210.5,166.5,0,32,0,2020
101,Chris Godwin,TAM,WR,24,12,12,0,0,0,0,0,0,0,0,0,84,65,840,12.92,7,1,0,7,0,0,126,191.0,194.0,158.5,0,31,0,2020
102,Brandon Aiyuk,SFO,WR,22,12,11,0,0,0,0,0,6,77,12.83,2,96,60,748,12.47,5,0,0,7,0,0,125,184.5,187.5,154.5,0,34,0,2020
103,Marquise Brown,BAL,WR,23,16,14,0,0,0,0,0,1,1,1.00,0,100,58,769,13.26,8,0,0,8,0,0,125,183.0,186.0,154.0,0,33,0,2020
104,Myles Gaskin,MIA,RB,23,10,7,0,0,0,0,0,142,584,4.11,3,47,41,388,9.46,2,2,2,5,0,0,123,164.2,172.2,143.7,0,27,0,2020
105,Gus Edwards,BAL,RB,25,16,6,0,0,0,0,0,144,723,5.02,6,13,9,129,14.33,0,1,1,6,0,0,119,128.2,135.2,123.7,0,28,0,2020
106,Cooper Kupp,LAR,WR,27,15,12,0,0,0,0,0,4,33,8.25,0,124,92,974,10.59,3,1,1,3,0,0,117,208.7,212.7,162.7,0,35,0,2020
107,Wayne Gallman,NYG,RB,26,15,10,0,0,0,0,0,147,682,4.64,6,27,21,114,5.43,0,1,0,6,0,0,116,136.6,142.6,126.1,0,29,0,2020
108,Jarvis Landry,CLE,WR,28,15,14,4,4,74,1,0,4,10,2.50,1,101,72,840,11.67,3,2,0,4,0,0,116,188.0,191.0,152.0,0,36,0,2020
109,Nick Mullens,SFO,QB,25,10,8,211,326,2437,12,12,9,8,0.89,0,0,0,0,0,0,6,4,0,0,1,116,116.3,135.3,128.3,0,33,0,2020
110,Chase Edmonds,ARI,RB,24,16,2,0,0,0,0,0,97,448,4.62,1,67,53,402,7.58,4,2,0,5,0,0,115,168.0,174.0,141.5,0,30,0,2020
111,Tyler Boyd,CIN,WR,26,15,8,1,2,16,0,0,5,49,9.80,0,110,79,841,10.65,4,1,0,4,0,0,114,192.6,195.6,153.1,0,38,0,2020
112,Michael Gallup,DAL,WR,24,16,15,0,0,0,0,0,0,0,0,0,105,59,843,14.29,5,0,0,5,0,0,114,173.3,176.3,143.8,0,37,0,2020
113,Darrell Henderson,LAR,RB,23,15,11,0,0,0,0,0,138,624,4.52,5,24,16,159,9.94,1,0,0,6,0,0,114,130.3,136.3,122.3,0,31,0,2020
114,Jamison Crowder,NYJ,WR,27,12,7,1,1,43,1,0,1,14,14.00,0,89,59,699,11.85,6,0,0,6,0,0,113,172.0,175.0,142.5,0,39,0,2020
115,Latavius Murray,NOR,RB,30,15,7,0,0,0,0,0,146,656,4.49,4,26,23,176,7.65,1,1,0,5,0,0,113,136.2,142.2,124.7,0,32,0,2020
116,Adrian Peterson,DET,RB,35,16,10,0,0,0,0,0,156,604,3.87,7,18,12,101,8.42,0,0,0,7,0,0,113,124.5,130.5,118.5,0,33,0,2020
117,Giovani Bernard,CIN,RB,29,16,10,0,0,0,0,0,124,416,3.35,3,59,47,355,7.55,3,1,1,6,0,0,111,158.1,165.1,134.6,0,36,0,2020
118,Austin Ekeler,LAC,RB,25,10,10,0,0,0,0,0,116,530,4.57,1,65,54,403,7.46,2,1,0,3,0,0,111,165.3,171.3,138.3,0,35,0,2020
119,J.D. McKissic,WAS,RB,27,16,7,0,0,0,0,0,85,365,4.29,1,110,80,589,7.36,2,3,1,3,0,0,111,191.4,198.4,151.4,0,34,0,2020
120,Tim Patrick,DEN,WR,27,15,15,0,0,0,0,0,0,0,0,0,79,51,742,14.55,6,0,0,6,0,0,110,161.2,164.2,135.7,0,40,0,2020
121,Russell Gage,ATL,WR,24,16,8,1,2,39,1,0,2,9,4.50,0,109,72,786,10.92,4,0,0,4,0,0,109,181.1,184.1,145.1,0,41,0,2020
122,T.Y. Hilton,IND,WR,31,15,15,0,0,0,0,0,0,0,0,0,93,56,762,13.61,5,0,0,5,1,0,108,164.2,167.2,136.2,0,42,0,2020
123,Jalen Hurts,PHI,QB,22,15,4,77,148,1061,6,4,63,354,5.62,3,1,1,3,3.00,0,9,2,3,0,0,108,109.1,121.1,112.6,0,34,0,2020
124,Jerry Jeudy,DEN,WR,21,16,14,0,0,0,0,0,0,0,0,0,113,52,856,16.46,3,2,0,3,1,0,106,157.6,160.6,131.6,0,44,0,2020
125,Devin Singletary,BUF,RB,23,16,16,0,0,0,0,0,156,687,4.40,2,50,38,269,7.08,0,1,1,2,0,0,106,143.6,150.6,124.6,0,37,0,2020
126,Mike Williams,LAC,WR,26,15,11,0,0,0,0,0,1,1,1.00,0,85,48,756,15.75,5,0,0,5,0,0,106,153.7,156.7,129.7,0,43,0,2020
127,Nick Foles ,CHI,QB,31,9,7,202,312,1852,10,8,16,1,0.06,1,0,0,0,0,0,2,0,1,0,0,104,104.2,115.2,112.2,0,35,0,2020
128,Emmanuel Sanders,NOR,WR,33,14,5,0,0,0,0,0,1,12,12.00,0,82,61,726,11.90,5,1,0,5,0,0,104,164.8,167.8,134.3,0,46,0,2020
129,Marquez Valdes-Scantling,GNB,WR,26,16,12,0,0,0,0,0,4,13,3.25,0,63,33,690,20.91,6,1,1,6,0,0,104,137.3,141.3,120.8,0,45,0,2020
130,DeVante Parker,MIA,WR,27,14,11,0,0,0,0,0,0,0,0,0,103,63,793,12.59,4,1,0,4,0,0,103,166.3,169.3,134.8,0,47,0,2020
131,Gabriel Davis,BUF,WR,21,16,11,0,0,0,0,0,1,0,0.00,0,62,35,599,17.11,7,1,0,7,0,0,102,136.9,139.9,119.4,0,48,0,2020
132,DJ Chark,JAX,WR,24,13,12,0,0,0,0,0,0,0,0,0,93,53,706,13.32,5,0,0,5,0,0,101,153.6,156.6,127.1,0,49,0,2020
133,Keelan Cole,JAX,WR,27,16,5,0,0,0,0,0,1,2,2.00,0,88,55,642,11.67,5,0,0,6,0,0,100,155.4,158.4,127.9,0,50,0,2020
134,Laviska Shenault Jr.,JAX,WR,22,14,12,0,0,0,0,0,18,91,5.06,0,79,58,600,10.34,5,0,0,5,0,0,99,157.1,160.1,128.1,0,51,0,2020
135,Christian Kirk,ARI,WR,24,14,10,0,0,0,0,0,2,3,1.50,0,79,48,621,12.94,6,1,0,6,0,0,98,146.4,149.4,122.4,0,52,0,2020
136,Sterling Shepard,NYG,WR,27,12,12,0,0,0,0,0,6,49,8.17,1,90,66,656,9.94,3,0,0,4,1,0,97,162.5,165.5,129.5,0,53,0,2020
137,Leonard Fournette,TAM,RB,25,13,3,0,0,0,0,0,97,367,3.78,6,47,36,233,6.47,0,0,0,6,0,0,96,132.0,138.0,114.0,0,39,0,2020
138,Jamaal Williams,GNB,RB,25,14,3,0,0,0,0,0,119,505,4.24,2,35,31,236,7.61,1,0,0,3,2,0,96,127.1,133.1,111.6,0,38,0,2020
139,Julio Jones,ATL,WR,31,9,9,0,0,0,0,0,0,0,0,0,68,51,771,15.12,3,0,0,3,0,0,95,146.1,149.1,120.6,0,54,0,2020
140,Jerick McKinnon,SFO,RB,28,16,4,0,0,0,0,0,81,319,3.94,5,46,33,253,7.67,1,0,0,6,0,0,93,126.2,132.2,109.7,0,40,0,2020
141,Zach Pascal,IND,WR,26,16,14,0,1,0,0,0,0,0,0,0,71,44,629,14.30,5,0,0,5,0,0,93,136.9,139.9,114.9,0,55,0,2020
142,Tony Pollard,DAL,RB,23,16,2,0,0,0,0,0,101,435,4.31,4,40,28,193,6.89,1,0,0,5,0,0,93,120.8,126.8,106.8,0,41,0,2020
143,Cam Akers,LAR,RB,21,13,5,0,0,0,0,0,145,625,4.31,2,14,11,123,11.18,1,1,1,3,0,0,91,101.8,108.8,96.3,0,42,0,2020
144,Darnell Mooney,CHI,WR,23,16,9,0,0,0,0,0,4,20,5.00,0,98,61,631,10.34,4,1,0,4,1,0,91,152.1,155.1,121.6,0,56,0,2020
145,Darius Slayton,NYG,WR,23,16,15,0,0,0,0,0,2,-1,-0.50,0,96,50,751,15.02,3,1,1,3,0,0,91,141.0,145.0,116.0,0,57,0,2020
146,Jared Cook,NOR,TE,33,15,5,0,0,0,0,0,0,0,0,0,60,37,504,13.62,7,1,1,7,0,0,90,127.4,131.4,108.9,0,12,0,2020
147,Zack Moss,BUF,RB,23,13,0,0,0,0,0,0,112,481,4.29,4,18,14,95,6.79,1,0,0,5,0,0,88,101.6,104.6,94.6,0,43,0,2020
148,Noah Fant,DEN,TE,23,15,14,0,0,0,0,0,0,0,0,0,93,62,673,10.85,3,0,0,3,1,0,87,149.3,152.3,118.3,0,13,0,2020
149,Mecole Hardman,KAN,WR,22,16,8,0,0,0,0,0,4,31,7.75,0,62,41,560,13.66,4,2,2,5,1,0,87,128.1,133.1,107.6,0,58,0,2020
150,Malcolm Brown,LAR,RB,27,16,0,0,0,0,0,0,101,419,4.15,5,33,23,162,7.04,0,1,1,5,0,0,86,109.1,116.1,97.6,0,45,0,2020
151,Eric Ebron,PIT,TE,27,15,9,0,0,0,0,0,0,0,0,0,91,56,558,9.96,5,1,1,5,1,0,86,141.8,145.8,113.8,0,14,0,2020
152,Damien Harris,NWE,RB,23,10,10,0,0,0,0,0,137,691,5.04,2,7,5,52,10.40,0,1,0,2,0,0,86,91.3,94.3,88.8,0,44,0,2020
153,Hunter Henry,LAC,TE,26,14,14,0,0,0,0,0,0,0,0,0,93,60,613,10.22,4,0,0,4,0,0,85,145.3,148.3,115.3,0,15,0,2020
154,Frank Gore,NYJ,RB,37,15,14,0,0,0,0,0,187,653,3.49,2,19,16,89,5.56,0,1,1,2,0,0,84,100.2,104.2,92.2,0,46,0,2020
155,Tyler Higbee,LAR,TE,27,15,15,0,0,0,0,0,1,1,1.00,0,60,44,521,11.84,5,0,0,5,1,0,84,128.2,131.2,106.2,0,16,0,2020
156,Rashard Higgins,CLE,WR,26,13,6,0,0,0,0,0,0,0,0,0,52,37,599,16.19,4,3,0,4,0,0,84,120.9,123.9,102.4,0,59,0,2020
157,Jakobi Meyers,NWE,WR,24,14,9,2,2,43,2,0,2,9,4.50,0,81,59,729,12.36,0,1,1,0,1,0,84,142.5,146.5,113.0,0,61,0,2020
158,David Moore,SEA,WR,25,16,6,0,0,0,0,0,8,61,7.63,0,47,35,417,11.91,6,1,0,6,0,0,84,118.8,121.8,101.3,0,60,0,2020
159,Raheem Mostert,SFO,RB,28,8,8,0,0,0,0,0,104,521,5.01,2,19,16,156,9.75,1,1,1,3,0,0,84,99.7,106.7,91.7,0,47,0,2020
160,Dalton Schultz,DAL,TE,24,16,14,0,0,0,0,0,0,0,0,0,89,63,615,9.76,4,1,1,4,0,0,84,146.5,150.5,115.0,0,17,0,2020
161,Rex Burkhead,NWE,RB,30,10,0,0,0,0,0,0,67,274,4.09,3,33,25,192,7.68,3,0,0,6,0,0,83,107.6,113.6,95.1,0,48,0,2020
162,Kendrick Bourne,SFO,WR,25,15,5,0,0,0,0,0,0,0,0,0,74,49,667,13.61,2,0,0,2,1,0,81,129.7,132.7,105.2,0,62,0,2020
163,Greg Ward,PHI,WR,25,16,10,1,1,15,0,0,2,-4,-2.00,0,79,53,419,7.91,6,2,0,6,1,0,80,133.1,136.1,106.6,0,63,0,2020
164,Joe Mixon,CIN,RB,24,6,6,0,0,0,0,0,119,428,3.60,3,26,21,138,6.57,1,1,1,4,0,0,79,99.6,106.6,89.1,0,49,0,2020
165,Evan Engram*,NYG,TE,26,16,14,0,0,0,0,0,6,26,4.33,1,109,63,654,10.38,1,1,1,2,0,0,78,141.0,145.0,109.5,0,18,0,2020
166,Travis Fulgham,PHI,WR,25,13,8,0,0,0,0,0,0,0,0,0,67,38,539,14.18,4,0,0,4,0,0,78,115.9,118.9,96.9,0,64,0,2020
167,George Kittle,SFO,TE,27,8,8,0,0,0,0,0,2,17,8.50,0,63,48,634,13.21,2,0,0,2,0,0,77,125.1,128.1,101.1,0,19,0,2020
168,Hunter Renfrow,LVR,WR,25,16,6,0,0,0,0,0,0,0,0,0,77,56,656,11.71,2,2,1,2,0,0,76,131.6,135.6,103.6,0,65,0,2020
169,Alexander Mattison,MIN,RB,22,13,2,0,0,0,0,0,96,434,4.52,2,15,13,125,9.62,1,0,0,3,0,0,74,86.9,92.9,80.4,0,50,0,2020
170,Christian McCaffrey,CAR,RB,24,3,3,0,0,0,0,0,59,225,3.81,5,19,17,149,8.76,1,0,0,6,0,0,73,90.4,96.4,81.9,0,51,0,2020
171,Antonio Brown,TAM,WR,32,8,4,0,0,0,0,0,2,-2,-1.00,0,62,45,483,10.73,4,0,0,4,0,0,72,117.1,120.1,94.6,0,67,0,2020
172,Josh Reynolds,LAR,WR,25,16,13,0,0,0,0,0,1,5,5.00,0,81,52,618,11.88,2,2,1,2,0,0,72,124.3,128.3,98.3,0,66,0,2020
173,Alex Smith,WAS,QB,36,8,6,168,252,1582,6,8,10,3,0.30,0,0,0,0,0,0,2,0,0,0,0,72,71.6,82.6,79.6,0,36,0,2020
174,Boston Scott,PHI,RB,25,16,4,0,0,0,0,0,80,374,4.68,1,36,25,212,8.48,1,2,0,2,0,0,71,95.6,101.6,83.1,0,52,0,2020
175,Dallas Goedert,PHI,TE,25,11,9,0,0,0,0,0,0,0,0,0,65,46,524,11.39,3,0,0,3,0,0,70,116.4,119.4,93.4,0,20,0,2020
176,Brian Hill,ATL,RB,25,16,1,0,0,0,0,0,100,465,4.65,1,30,25,199,7.96,0,2,1,1,0,0,70,95.4,102.4,82.9,0,53,0,2020
177,Isaiah McKenzie,BUF,WR,25,16,7,1,1,12,1,0,10,9,0.90,0,34,30,282,9.40,5,0,0,6,0,0,70,99.6,102.6,84.6,0,68,0,2020
178,Scott Miller,TAM,WR,23,16,5,0,0,0,0,0,3,14,4.67,0,53,33,501,15.18,3,0,0,3,0,0,70,102.5,105.5,86.0,0,69,0,2020
179,Devontae Booker,LVR,RB,28,16,1,0,0,0,0,0,93,423,4.55,3,21,17,84,4.94,0,1,0,3,0,0,69,85.7,88.7,77.2,0,55,0,2020
180,Jalen Guyton,LAC,WR,23,16,9,0,0,0,0,0,2,0,0.00,0,55,28,511,18.25,3,0,0,3,0,0,69,97.1,100.1,83.1,0,71,0,2020
181,Carlos Hyde,SEA,RB,30,10,1,0,0,0,0,0,81,356,4.40,4,20,16,93,5.81,0,1,0,4,0,0,69,84.9,87.9,76.9,0,54,0,2020
182,Breshad Perriman,NYJ,WR,27,12,12,0,0,0,0,0,1,6,6.00,0,60,30,505,16.83,3,0,0,3,0,0,69,99.1,102.1,84.1,0,73,0,2020
183,Irv Smith Jr.,MIN,TE,22,13,7,0,0,0,0,0,0,0,0,0,43,30,365,12.17,5,0,0,5,1,0,69,98.5,101.5,83.5,0,21,0,2020
184,Tre'Quan Smith,NOR,WR,24,14,10,0,0,0,0,0,1,3,3.00,0,50,34,448,13.18,4,1,0,4,0,0,69,103.1,106.1,86.1,0,72,0,2020
185,James Washington,PIT,WR,24,16,7,0,0,0,0,0,0,0,0,0,56,30,392,13.07,5,0,0,5,0,0,69,99.2,102.2,84.2,0,70,0,2020
186,Damiere Byrd,NWE,WR,27,16,14,0,0,0,0,0,2,15,7.50,0,77,47,604,12.85,1,3,0,1,0,0,68,114.9,117.9,91.4,0,74,0,2020
187,Dwayne Haskins,WAS,QB,23,7,6,148,241,1439,5,7,20,46,2.30,1,0,0,0,0,0,6,3,1,0,0,68,68.2,81.2,75.2,0,37,0,2020
188,Austin Hooper,CLE,TE,26,13,13,0,0,0,0,0,0,0,0,0,70,46,435,9.46,4,0,0,4,0,0,68,113.5,116.5,90.5,0,22,0,2020
189,Sony Michel,NWE,RB,25,9,6,0,0,0,0,0,79,449,5.68,1,9,7,114,16.29,1,0,0,2,0,0,68,75.3,81.3,71.8,0,56,0,2020
190,James White,NWE,RB,28,14,0,0,0,0,0,0,35,121,3.46,2,62,49,375,7.65,1,1,0,3,0,0,68,116.6,122.6,92.1,0,57,0,2020
191,Dan Arnold,ARI,TE,25,16,5,0,0,0,0,0,0,0,0,0,45,31,438,14.13,4,2,1,4,0,0,66,96.8,100.8,81.3,0,23,0,2020
192,Kalen Ballage,2TM,RB,25,11,2,0,0,0,0,0,91,303,3.33,3,37,29,166,5.72,0,1,0,3,0,0,65,93.9,99.9,79.4,0,58,0,2020
193,Allen Lazard ,GNB,WR,25,10,9,0,0,0,0,0,2,17,8.50,0,46,33,451,13.67,3,0,0,3,0,0,65,97.8,100.8,81.3,0,75,0,2020
194,Benny Snell Jr.,PIT,RB,22,16,3,0,0,0,0,0,111,368,3.32,4,14,10,61,6.10,0,2,1,4,0,0,65,74.9,78.9,69.9,0,59,0,2020
195,Odell Beckham Jr.,CLE,WR,28,7,7,1,1,18,0,0,3,72,24.00,1,43,23,319,13.87,3,0,0,4,0,0,64,86.8,89.8,75.3,0,77,0,2020
196,John Brown,BUF,WR,30,9,8,0,0,0,0,0,0,0,0,0,52,33,458,13.88,3,0,0,3,0,0,64,96.8,99.8,80.3,0,78,0,2020
197,Jimmy Garoppolo,SFO,QB,29,6,6,94,140,1096,7,5,10,25,2.50,0,0,0,0,0,0,2,0,0,0,0,64,64.3,72.3,69.3,0,38,0,2020
198,A.J. Green,CIN,WR,32,16,14,0,0,0,0,0,0,0,0,0,104,47,523,11.13,2,0,0,2,0,0,64,111.3,114.3,87.8,0,76,0,2020
199,Kyle Juszczyk*,SFO,RB,29,16,15,0,0,0,0,0,17,64,3.76,2,29,19,202,10.63,4,1,0,6,0,0,63,81.6,84.6,72.1,0,60,0,2020
200,Demarcus Robinson,KAN,WR,26,16,9,0,0,0,0,0,0,0,0,0,59,45,466,10.36,3,2,1,3,0,0,63,107.6,111.6,85.1,0,79,0,2020
201,Randall Cobb,HOU,WR,30,10,2,0,1,0,0,0,0,0,0,0,48,38,441,11.61,3,0,0,3,0,0,62,100.1,103.1,81.1,0,80,0,2020
202,Mike Glennon,JAX,QB,31,5,5,111,179,1072,7,5,6,17,2.83,0,0,0,0,0,0,2,2,0,0,1,61,60.6,70.6,65.6,0,39,0,2020
203,Willie Snead,BAL,WR,28,13,8,0,0,0,0,0,0,0,0,0,48,33,432,13.09,3,1,0,3,0,0,61,94.2,97.2,77.7,0,81,0,2020
204,Danny Amendola,DET,WR,35,14,5,0,0,0,0,0,1,2,2.00,0,69,46,602,13.09,0,0,0,0,0,0,60,106.4,109.4,83.4,0,82,0,2020
205,Braxton Berrios,NYJ,WR,25,16,2,0,0,0,0,0,3,29,9.67,0,55,37,394,10.65,3,0,0,3,0,0,60,97.3,100.3,78.8,0,83,0,2020
206,KJ Hamler,DEN,WR,21,13,4,0,0,0,0,0,9,40,4.44,0,56,30,381,12.70,3,2,0,3,0,0,60,90.1,93.1,75.1,0,84,0,2020
207,Tyron Johnson,LAC,WR,24,12,0,0,0,0,0,0,3,17,5.67,0,26,20,398,19.90,3,0,0,3,0,0,60,79.5,82.5,69.5,0,86,0,2020
208,Anthony Miller,CHI,WR,26,16,6,0,0,0,0,0,2,12,6.00,0,76,49,485,9.90,2,2,1,2,0,0,60,108.7,112.7,84.2,0,85,0,2020
209,Le'Veon Bell,2TM,RB,28,11,4,0,0,0,0,0,82,328,4.00,2,20,16,138,8.63,0,1,0,2,0,0,59,74.6,80.6,66.6,0,62,0,2020
210,Phillip Lindsay,DEN,RB,26,11,8,0,0,0,0,0,118,502,4.25,1,14,7,28,4.00,0,0,0,1,0,0,59,66.0,69.0,62.5,0,61,0,2020
211,Michael Pittman Jr.,IND,WR,23,13,8,0,0,0,0,0,3,26,8.67,0,61,40,503,12.58,1,0,0,1,0,0,59,98.9,101.9,78.9,0,87,0,2020
212,Salvon Ahmed,MIA,RB,22,6,4,0,0,0,0,0,75,319,4.25,3,14,11,61,5.55,0,0,0,3,1,0,58,69.0,72.0,63.5,0,64,0,2020
213,Joshua Kelley,LAC,RB,23,14,0,0,0,0,0,0,111,354,3.19,2,23,23,148,6.43,0,2,2,2,0,0,58,81.2,89.2,69.7,0,63,0,2020
214,Henry Ruggs III,LVR,WR,21,13,12,0,0,0,0,0,9,49,5.44,0,43,26,452,17.38,2,2,2,2,0,0,58,84.1,89.1,71.1,0,88,0,2020
215,Chris Conley,JAX,WR,28,15,4,0,0,0,0,0,0,0,0,0,63,40,471,11.78,2,1,1,2,0,0,57,97.1,101.1,77.1,0,89,0,2020
216,Preston Williams,MIA,WR,23,8,7,0,0,0,0,0,0,0,0,0,35,18,288,16.00,4,0,0,4,2,0,57,74.8,77.8,65.8,0,90,0,2020
217,Duke Johnson,HOU,RB,27,11,5,0,0,0,0,0,77,235,3.05,1,35,28,249,8.89,1,3,2,2,0,0,56,84.4,92.4,70.4,0,65,0,2020
218,Jalen Reagor,PHI,WR,21,11,11,0,0,0,0,0,4,26,6.50,0,54,31,396,12.77,1,2,0,2,1,0,56,87.2,90.2,71.7,0,91,0,2020
219,Trey Burton,IND,TE,29,13,4,0,0,0,0,0,2,3,1.50,2,47,28,250,8.93,3,0,0,5,0,0,55,83.3,86.3,69.3,0,24,0,2020
220,Darren Fells,HOU,TE,34,16,14,0,0,0,0,0,0,0,0,0,28,21,312,14.86,4,0,0,4,0,0,55,76.2,79.2,65.7,0,25,0,2020
221,Joe Flacco,NYJ,QB,35,5,4,74,134,864,6,3,6,22,3.67,0,0,0,0,0,0,1,0,0,0,0,55,54.8,60.8,57.8,0,40,0,2020
222,Samaje Perine,CIN,RB,25,16,1,0,0,0,0,0,63,301,4.78,3,12,11,66,6.00,0,0,0,3,0,0,55,65.7,68.7,60.2,0,66,0,2020
223,Keke Coutee,HOU,WR,23,8,4,0,0,0,0,0,0,0,0,0,40,33,400,12.12,3,4,3,3,1,0,54,87.0,93.0,70.5,0,93,0,2020
224,Cam Sims,WAS,WR,24,16,10,0,0,0,0,0,1,5,5.00,0,48,32,477,14.91,1,1,0,1,0,0,54,86.2,89.2,70.2,0,92,0,2020
225,Kerryon Johnson,DET,RB,23,16,2,0,0,0,0,0,52,181,3.48,2,26,19,187,9.84,1,1,1,3,0,0,53,71.8,78.8,62.3,0,67,0,2020
226,C.J. Beathard,SFO,QB,27,6,2,66,104,787,6,0,6,28,4.67,0,0,0,0,0,0,3,3,0,0,0,52,52.3,58.3,52.3,0,41,0,2020
227,Gerald Everett,LAR,TE,26,16,7,0,0,0,0,0,1,2,2.00,1,62,41,417,10.17,1,1,1,2,0,0,52,92.9,96.9,72.4,0,26,0,2020
228,Golden Tate,NYG,WR,32,12,4,1,2,18,0,0,0,0,0,0,52,35,388,11.09,2,0,0,2,0,0,52,86.5,89.5,69.0,0,94,0,2020
229,Peyton Barber,WAS,RB,26,16,2,0,0,0,0,0,94,258,2.74,4,7,4,12,3.00,0,0,0,4,0,0,51,55.0,58.0,53.0,0,68,0,2020
230,Miles Boykin,BAL,WR,24,16,13,0,0,0,0,0,0,0,0,0,33,19,266,14.00,4,0,0,4,0,0,51,69.6,72.6,60.1,0,96,0,2020
231,Jakeem Grant,MIA,WR,28,14,4,0,0,0,0,0,3,20,6.67,0,54,36,373,10.36,1,2,0,2,0,0,51,87.3,90.3,69.3,0,95,0,2020
232,Brandon Allen,CIN,QB,28,5,5,90,142,925,5,4,13,27,2.08,0,1,0,0,0,0,1,1,0,0,0,50,49.7,57.7,53.7,0,42,0,2020
233,Sammy Watkins,KAN,WR,27,10,9,0,1,0,0,1,1,3,3.00,0,55,37,421,11.38,2,1,1,2,0,0,50,87.4,92.4,69.9,0,97,0,2020
234,Mo Alie-Cox,IND,TE,27,15,6,0,0,0,0,0,0,0,0,0,39,31,394,12.71,2,1,1,2,0,0,49,80.4,84.4,64.9,0,27,0,2020
235,Jordan Wilkins,IND,RB,26,15,0,0,0,0,0,0,84,308,3.67,1,16,12,105,8.75,0,0,0,1,1,0,49,61.3,67.3,55.3,0,69,0,2020
236,Cordarrelle Patterson*+,CHI,WR,29,16,3,0,0,0,0,0,64,232,3.63,1,25,21,132,6.29,0,0,0,2,0,0,48,69.4,75.4,58.9,0,98,0,2020
237,Deebo Samuel,SFO,WR,24,7,5,0,0,0,0,0,8,26,3.25,0,44,33,391,11.85,1,0,0,1,0,0,48,80.7,83.7,64.2,0,99,0,2020
238,Jordan Akins,HOU,TE,28,13,5,0,0,0,0,0,1,4,4.00,0,49,37,403,10.89,1,0,0,1,0,0,47,83.7,86.7,65.2,0,30,0,2020
239,Quintez Cephus,DET,WR,22,13,2,0,0,0,0,0,0,0,0,0,35,20,349,17.45,2,0,0,2,0,0,47,66.9,69.9,56.9,0,100,0,2020
240,Tyler Eifert,JAX,TE,30,15,4,0,0,0,0,0,0,0,0,0,60,36,349,9.69,2,0,0,2,0,0,47,82.9,85.9,64.9,0,29,0,2020
241,Larry Fitzgerald,ARI,WR,37,13,13,0,0,0,0,0,0,0,0,0,72,54,409,7.57,1,0,0,1,0,0,47,100.9,103.9,73.9,0,101,0,2020
242,Mark Ingram,BAL,RB,31,11,9,0,0,0,0,0,72,299,4.15,2,8,6,50,8.33,0,0,0,2,0,0,47,52.9,55.9,49.9,0,71,0,2020
243,Ty Johnson,2TM,RB,23,13,1,0,0,0,0,0,54,254,4.70,1,21,16,99,6.19,1,0,0,2,0,0,47,63.3,66.3,55.3,0,70,0,2020
244,Jordan Reed,SFO,TE,30,10,1,0,0,0,0,0,0,0,0,0,46,26,231,8.88,4,0,0,4,0,0,47,73.1,76.1,60.1,0,28,0,2020
245,Richard Rodgers,PHI,TE,28,14,4,0,0,0,0,0,0,0,0,0,31,24,345,14.38,2,0,0,2,0,0,47,70.5,73.5,58.5,0,31,0,2020
246,Kenny Golladay,DET,WR,27,5,5,0,0,0,0,0,0,0,0,0,32,20,338,16.90,2,0,0,2,0,0,46,65.8,68.8,55.8,0,102,0,2020
247,Justin Jackson,LAC,RB,24,9,4,0,0,0,0,0,59,270,4.58,0,24,19,173,9.11,0,0,0,0,1,0,46,65.3,71.3,55.8,0,72,0,2020
248,Kyle Allen,WAS,QB,24,4,4,60,87,610,4,1,7,26,3.71,1,0,0,0,0,0,1,1,1,0,0,45,45.0,50.0,46.0,0,43,0,2020
249,Anthony Firkser,TEN,TE,25,16,1,0,0,0,0,0,0,0,0,0,53,39,387,9.92,1,0,0,1,0,0,45,83.7,86.7,64.2,0,32,0,2020
250,Donovan Peoples-Jones,CLE,WR,21,12,2,0,0,0,0,0,0,0,0,0,20,14,304,21.71,2,0,0,2,1,0,44,58.4,61.4,51.4,0,103,0,2020
251,Michael Thomas,NOR,WR,27,7,5,0,0,0,0,0,1,1,1.00,0,55,40,438,10.95,0,0,0,0,0,0,44,83.9,86.9,63.9,0,104,0,2020
252,Chris Herndon,NYJ,TE,24,16,13,0,0,0,0,0,0,0,0,0,45,31,287,9.26,3,2,2,3,0,0,43,73.7,78.7,58.2,0,34,0,2020
253,Dawson Knox,BUF,TE,24,12,7,0,0,0,0,0,0,0,0,0,44,24,288,12.00,3,2,2,3,0,0,43,66.8,71.8,54.8,0,33,0,2020
254,Zach Ertz,PHI,TE,30,11,11,0,0,0,0,0,0,0,0,0,72,36,335,9.31,1,0,0,1,1,0,42,77.5,80.5,59.5,0,35,0,2020
255,Marvin Hall,2TM,WR,27,12,6,0,0,0,0,0,1,1,1.00,0,32,18,302,16.78,2,0,0,2,0,0,42,60.3,63.3,51.3,0,105,0,2020
256,La'Mical Perine,NYJ,RB,22,10,0,0,0,0,0,0,64,232,3.63,2,15,11,63,5.73,0,0,0,2,0,0,42,52.5,55.5,47.0,0,73,0,2020
257,Jack Doyle,IND,TE,30,14,12,0,0,0,0,0,0,0,0,0,33,23,251,10.91,3,1,1,3,0,0,41,64.1,68.1,52.6,0,36,0,2020
258,N'Keal Harry,NWE,WR,23,14,9,0,0,0,0,0,2,0,0.00,0,57,33,309,9.36,2,1,1,2,0,0,41,73.9,77.9,57.4,0,108,0,2020
259,Jacob Hollister,SEA,TE,27,16,5,0,0,0,0,0,0,0,0,0,40,25,209,8.36,3,0,0,3,1,0,41,65.9,68.9,53.4,0,37,0,2020
260,Richie James,SFO,WR,25,11,7,0,0,0,0,0,0,0,0,0,35,23,394,17.13,1,2,2,1,0,0,41,64.4,69.4,52.9,0,106,0,2020
261,Collin Johnson,JAX,WR,23,14,0,0,0,0,0,0,0,0,0,0,31,18,272,15.11,2,0,0,2,1,0,41,59.2,62.2,50.2,0,107,0,2020
262,Cameron Brate,TAM,TE,29,16,1,0,0,0,0,0,0,0,0,0,34,28,282,10.07,2,0,0,2,0,0,40,68.2,71.2,54.2,0,38,0,2020
263,DeeJay Dallas,SEA,RB,22,12,2,0,0,0,0,0,34,108,3.18,2,20,17,111,6.53,1,0,0,3,0,0,40,56.9,62.9,48.4,0,75,0,2020
264,Ito Smith,ATL,RB,25,14,0,0,0,0,0,0,63,268,4.25,1,26,17,75,4.41,0,1,0,1,0,0,40,57.3,60.3,48.8,0,74,0,2020
265,DaeSean Hamilton,DEN,WR,25,16,2,0,0,0,0,0,0,0,0,0,44,23,293,12.74,2,1,1,2,0,0,39,62.3,66.3,50.8,0,109,0,2020
266,Drew Sample,CIN,TE,24,16,13,0,0,0,0,0,0,0,0,0,53,40,349,8.73,1,1,1,1,0,0,39,78.9,82.9,58.9,0,39,0,2020
267,Harrison Bryant,CLE,TE,22,15,9,0,0,0,0,0,0,0,0,0,38,24,238,9.92,3,2,2,3,0,0,38,61.8,66.8,49.8,0,40,0,2020
268,AJ Dillon ,GNB,RB,22,11,0,0,0,0,0,0,46,242,5.26,2,2,2,21,10.50,0,0,0,2,0,0,38,40.3,43.3,39.3,0,76,0,2020
269,Dion Lewis,NYG,RB,30,16,0,0,0,0,0,0,29,115,3.97,2,30,19,127,6.68,1,3,2,3,0,0,38,57.2,65.2,47.7,0,77,0,2020
270,Denzel Mims,NYJ,WR,23,9,8,0,0,0,0,0,0,0,0,0,44,23,357,15.52,0,0,0,0,1,0,38,60.7,63.7,49.2,0,110,0,2020
271,Alfred Morris,NYG,RB,32,9,0,0,0,0,0,0,55,238,4.33,1,4,3,19,6.33,1,0,0,2,0,0,38,40.7,43.7,39.2,0,78,0,2020
272,Will Dissly,SEA,TE,24,16,12,0,0,0,0,0,0,0,0,0,29,24,251,10.46,2,0,0,2,0,0,37,61.1,64.1,49.1,0,42,0,2020
273,Kyle Rudolph,MIN,TE,31,12,12,0,0,0,0,0,0,0,0,0,37,28,334,11.93,1,1,1,1,0,0,37,65.4,69.4,51.4,0,41,0,2020
274,Darrel Williams,KAN,RB,25,16,0,0,0,0,0,0,39,169,4.33,1,26,18,116,6.44,0,0,0,1,1,0,37,54.5,60.5,45.5,0,79,0,2020
275,Julian Edelman,NWE,WR,34,6,1,2,2,38,0,0,2,22,11.00,0,39,21,315,15.00,0,0,0,0,0,0,35,56.2,59.2,45.7,0,111,0,2020
276,Adam Humphries,TEN,WR,27,7,1,0,0,0,0,0,0,0,0,0,35,23,228,9.91,2,0,0,2,0,0,35,57.8,60.8,46.3,0,112,0,2020
277,Cedrick Wilson Jr.,DAL,WR,25,16,0,2,2,23,1,0,3,-12,-4.00,0,28,17,189,11.12,2,0,0,2,0,0,35,51.6,54.6,43.1,0,113,0,2020
278,Andy Isabella,ARI,WR,24,13,2,0,0,0,0,0,1,-6,-6.00,0,35,21,224,10.67,2,1,0,2,0,0,34,54.8,57.8,44.3,0,114,0,2020
279,Cole Kmet,CHI,TE,21,16,9,0,0,0,0,0,1,-3,-3.00,0,44,28,243,8.68,2,1,1,2,0,0,34,62.0,66.0,48.0,0,43,0,2020
280,Donald Parham,LAC,TE,23,13,5,0,0,0,0,0,0,0,0,0,20,10,159,15.90,3,0,0,3,0,0,34,43.9,46.9,38.9,0,44,0,2020
281,Matt Breida,MIA,RB,25,12,1,0,0,0,0,0,59,254,4.31,0,10,9,96,10.67,0,2,1,0,0,0,33,42.0,46.0,37.5,0,80,0,2020
282,Devin Duvernay,BAL,WR,23,16,3,0,0,0,0,0,4,70,17.50,0,26,20,201,10.05,0,0,0,1,0,0,33,53.1,56.1,43.1,0,116,0,2020
283,David Njoku,CLE,TE,24,13,5,0,0,0,0,0,0,0,0,0,29,19,213,11.21,2,0,0,2,0,0,33,52.3,55.3,42.8,0,45,0,2020
284,Adam Shaheen,MIA,TE,26,16,5,0,0,0,0,0,0,0,0,0,22,12,150,12.50,3,0,0,3,0,0,33,45.0,48.0,39.0,0,46,0,2020
285,Durham Smythe,MIA,TE,25,15,13,0,0,0,0,0,0,0,0,0,29,26,208,8.00,2,0,0,2,0,0,33,58.8,61.8,45.8,0,47,0,2020
286,Olamide Zaccheaus,ATL,WR,23,11,2,0,0,0,0,0,1,0,0.00,0,32,20,274,13.70,1,0,0,1,0,0,33,53.4,56.4,43.4,0,115,0,2020
287,Jeremy McNichols,TEN,RB,25,16,0,0,0,0,0,0,47,204,4.34,1,17,12,55,4.58,0,0,0,1,0,0,32,43.9,46.9,37.9,0,82,0,2020
288,Jalen Richard,LVR,RB,27,13,0,0,0,0,0,0,22,123,5.59,1,23,19,138,7.26,0,1,0,1,0,0,32,51.1,57.1,41.6,0,81,0,2020
289,Josh Adams,NYJ,RB,24,8,0,0,0,0,0,0,29,157,5.41,2,8,6,29,4.83,0,0,0,2,0,0,31,36.6,39.6,33.6,0,83,0,2020
290,Ross Dwelley,SFO,TE,25,16,9,0,0,0,0,0,0,0,0,0,24,19,245,12.89,1,0,0,1,0,0,31,49.5,52.5,40.0,0,48,0,2020
291,DeSean Jackson,PHI,WR,34,5,5,0,0,0,0,0,1,12,12.00,0,26,14,236,16.86,1,0,0,1,0,0,31,44.8,47.8,37.8,0,117,0,2020
292,Chad Beebe,MIN,WR,26,14,0,0,0,0,0,0,0,0,0,0,30,20,201,10.05,2,2,1,2,0,0,30,50.1,54.1,40.1,0,119,0,2020
293,Jeff Driskel,DEN,QB,27,3,1,35,64,432,3,2,6,28,4.67,0,0,0,0,0,0,0,0,0,0,1,30,30.1,35.1,32.1,0,44,0,2020
294,Chad Hansen,HOU,WR,25,5,2,0,0,0,0,0,0,0,0,0,24,17,236,13.88,1,0,0,1,0,0,30,46.6,49.6,38.1,0,120,0,2020
295,Jordan Howard,2TM,RB,26,7,4,0,0,0,0,0,35,60,1.71,4,1,1,-3,-3.00,0,1,0,4,0,0,30,30.7,30.7,30.2,0,84,0,2020
296,Tyler Kroft,BUF,TE,28,10,4,0,0,0,0,0,0,0,0,0,16,12,119,9.92,3,0,0,3,0,0,30,41.9,44.9,35.9,0,49,0,2020
297,Greg Olsen,SEA,TE,35,11,8,0,0,0,0,0,0,0,0,0,37,24,239,9.96,1,0,0,1,0,0,30,53.9,56.9,41.9,0,50,0,2020
298,Steven Sims,WAS,WR,23,12,2,0,0,0,0,0,1,18,18.00,0,37,27,265,9.81,1,4,2,1,0,0,30,57.3,62.3,43.8,0,118,0,2020
299,Devonta Freeman,NYG,RB,28,5,4,0,0,0,0,0,54,172,3.19,1,10,7,58,8.29,0,0,0,1,0,0,29,36.0,39.0,32.5,0,85,0,2020
300,Tyler Johnson,TAM,WR,22,14,3,0,0,0,0,0,0,0,0,0,17,12,169,14.08,2,0,0,2,0,0,29,40.9,43.9,34.9,0,121,0,2020
301,Marcedes Lewis,GNB,TE,36,15,15,0,0,0,0,0,0,0,0,0,17,10,107,10.70,3,0,0,3,0,0,29,38.7,41.7,33.7,0,51,0,2020
302,Pharaoh Brown,HOU,TE,26,13,9,0,0,0,0,0,0,0,0,0,16,14,163,11.64,2,0,0,2,0,0,28,42.3,45.3,35.3,0,52,0,2020
303,Isaiah Ford,MIA,WR,24,10,1,0,0,0,0,0,0,0,0,0,44,28,276,9.86,0,0,0,0,0,0,28,55.6,58.6,41.6,0,127,0,2020
304,Deonte Harris,NOR,WR,23,9,2,0,0,0,0,0,6,51,8.50,0,25,20,186,9.30,1,3,1,1,0,0,28,47.7,51.7,37.7,0,126,0,2020
305,Dontrelle Inman,WAS,WR,31,10,2,0,0,0,0,0,0,0,0,0,28,18,163,9.06,2,1,0,2,0,0,28,46.3,49.3,37.3,0,122,0,2020
306,Van Jefferson,LAR,WR,24,16,0,0,0,0,0,0,1,-1,-1.00,0,31,19,220,11.58,1,1,0,1,0,0,28,46.9,49.9,37.4,0,125,0,2020
307,Jake Luton,JAX,QB,24,3,3,60,110,624,2,6,1,13,13.00,1,0,0,0,0,0,2,0,1,0,0,28,28.3,37.3,34.3,0,45,0,2020
308,Byron Pringle,KAN,WR,27,13,3,0,0,0,0,0,0,0,0,0,17,13,160,12.31,1,0,0,2,0,0,28,41.0,44.0,34.5,0,123,0,2020
309,Rodney Smith,CAR,RB,24,7,1,0,0,0,0,0,41,156,3.80,1,11,9,59,6.56,0,1,0,1,0,0,28,36.5,39.5,32.0,0,86,0,2020
310,Freddie Swain,SEA,WR,22,16,1,0,0,0,0,0,0,0,0,0,21,13,159,12.23,2,0,0,2,0,0,28,40.9,43.9,34.4,0,124,0,2020
311,O.J. Howard,TAM,TE,26,4,1,0,0,0,0,0,0,0,0,0,19,11,146,13.27,2,0,0,2,0,0,27,37.6,40.6,32.1,0,53,0,2020
312,Mohamed Sanu,2TM,WR,31,10,4,0,0,0,0,0,1,3,3.00,0,24,17,187,11.00,1,0,0,1,1,0,27,44.0,47.0,35.5,0,128,0,2020
313,Lynn Bowden Jr.,MIA,RB,23,10,4,1,2,32,0,0,9,32,3.56,0,37,28,211,7.54,0,0,0,0,0,0,26,53.6,56.6,39.6,0,88,0,2020
314,Marcus Johnson,IND,WR,26,11,3,0,0,0,0,0,0,0,0,0,28,14,255,18.21,0,0,0,0,0,0,26,39.5,42.5,32.5,0,129,0,2020
315,Marcus Mariota,LVR,QB,27,1,0,17,28,226,1,1,9,88,9.78,1,0,0,0,0,0,0,0,1,0,0,26,25.8,26.8,26.8,0,46,0,2020
316,Foster Moreau,LVR,TE,23,16,2,0,0,0,0,0,0,0,0,0,9,7,140,20.00,2,0,0,2,0,0,26,33.0,36.0,29.5,0,55,0,2020
317,James O'Shaughnessy,JAX,TE,28,15,13,0,0,0,0,0,0,0,0,0,38,28,262,9.36,0,0,0,0,0,0,26,54.2,57.2,40.2,0,54,0,2020
318,Darwin Thompson,KAN,RB,23,14,1,0,0,0,0,0,27,97,3.59,1,11,7,65,9.29,1,0,1,2,0,0,26,33.2,34.2,29.7,0,87,0,2020
319,Tyler Conklin,MIN,TE,25,16,2,0,0,0,0,0,0,0,0,0,26,19,194,10.21,1,1,0,1,0,0,25,44.4,47.4,34.9,0,56,0,2020
320,Bryan Edwards,LVR,WR,22,12,3,0,0,0,0,0,0,0,0,0,15,11,193,17.55,1,0,0,1,0,0,25,36.3,39.3,30.8,0,130,0,2020
321,Royce Freeman,DEN,RB,24,16,0,0,0,0,0,0,35,170,4.86,0,13,12,81,6.75,0,0,0,0,0,0,25,37.1,40.1,31.1,0,89,0,2020
322,Jesse James,DET,TE,26,16,7,0,0,0,0,0,0,0,0,0,22,14,129,9.21,2,0,0,2,0,0,25,38.9,41.9,31.9,0,57,0,2020
323,Jamycal Hasty,SFO,RB,24,8,0,0,0,0,0,0,39,148,3.79,1,8,7,33,4.71,0,1,0,1,0,0,24,31.1,34.1,27.6,0,90,0,2020
324,Chad Henne,KAN,QB,35,3,1,28,38,248,2,0,7,-2,-0.29,1,0,0,0,0,0,2,0,1,0,0,24,23.7,23.7,23.7,0,47,0,2020
325,Travis Homer,SEA,RB,22,9,0,0,0,0,0,0,25,88,3.52,0,10,9,90,10.00,1,0,0,1,0,0,24,32.8,32.8,28.3,0,91,0,2020
326,Nick Boyle,BAL,TE,27,9,9,0,0,0,0,0,0,0,0,0,17,14,113,8.07,2,0,0,2,0,0,23,37.3,40.3,30.3,0,58,0,2020
327,Zay Jones,LVR,WR,25,16,2,1,1,29,0,0,0,0,0,0,20,14,154,11.00,1,0,0,1,0,0,23,36.6,39.6,29.6,0,131,0,2020
328,MyCole Pruitt,TEN,TE,28,11,4,0,0,0,0,0,0,0,0,0,8,5,49,9.80,2,0,0,3,0,0,23,27.9,27.9,25.4,0,60,0,2020
329,Chris Thompson,JAX,RB,30,8,0,0,0,0,0,0,7,20,2.86,0,23,20,146,7.30,1,0,0,1,0,0,23,42.6,45.6,32.6,0,92,0,2020
330,Adam Trautman,NOR,TE,23,15,6,0,0,0,0,0,0,0,0,0,16,15,171,11.40,1,0,0,1,0,0,23,38.1,41.1,30.6,0,59,0,2020
331,Ameer Abdullah,MIN,RB,27,16,0,0,0,0,0,0,8,42,5.25,0,9,8,58,7.25,2,0,0,2,0,0,22,30.0,30.0,26.0,0,93,0,2020
332,Mack Hollins,MIA,WR,27,16,2,0,0,0,0,0,0,0,0,0,25,16,176,11.00,1,1,1,1,0,0,22,37.6,41.6,29.6,0,132,0,2020
333,Jacoby Brissett,IND,QB,28,11,0,2,8,17,0,0,17,19,1.12,3,0,0,0,0,0,0,0,3,0,0,21,20.6,20.6,20.6,0,48,0,2020
334,Marquez Callaway,NOR,WR,22,11,3,0,0,0,0,0,0,0,0,0,27,21,213,10.14,0,0,0,0,0,0,21,42.3,45.3,31.8,0,133,0,2020
335,Olabisi Johnson,MIN,WR,23,16,3,0,0,0,0,0,0,0,0,0,19,14,189,13.50,0,0,0,0,1,0,21,34.9,37.9,27.9,0,134,0,2020
336,Gunner Olszewski+,NWE,WR,24,13,2,0,0,0,0,0,5,23,4.60,0,5,5,62,12.40,1,1,0,2,0,0,21,25.5,25.5,23.0,0,135,0,2020
337,Ian Thomas,CAR,TE,24,16,8,0,0,0,0,0,0,0,0,0,31,20,145,7.25,1,1,0,1,0,0,21,40.5,43.5,30.5,0,61,0,2020
338,Alex Collins,SEA,RB,26,3,1,0,0,0,0,0,18,77,4.28,2,2,1,4,4.00,0,0,0,2,0,0,20,21.1,21.1,20.6,0,95,0,2020
339,Dare Ogunbowale,JAX,RB,26,14,2,0,0,0,0,0,32,145,4.53,0,20,10,54,5.40,0,0,0,0,0,0,20,29.9,32.9,24.9,0,96,0,2020
340,Kenny Stills,HOU,WR,28,10,0,0,0,0,0,0,0,0,0,0,19,11,144,13.09,1,0,0,1,0,0,20,31.4,34.4,25.9,0,136,0,2020
341,Antonio Williams,BUF,RB,23,1,0,0,0,0,0,0,12,63,5.25,2,1,1,20,20.00,0,0,0,2,0,0,20,21.3,21.3,20.8,0,94,0,2020
342,Ryan Finley,CIN,QB,26,5,1,17,32,164,1,2,11,66,6.00,1,0,0,0,0,0,0,0,1,0,0,19,19.2,21.2,21.2,0,49,0,2020
343,John Hightower,PHI,WR,24,13,4,0,0,0,0,0,1,1,1.00,0,29,10,167,16.70,0,0,0,0,1,0,19,28.8,31.8,23.8,0,138,0,2020
344,Jason Witten,LVR,TE,38,16,7,0,0,0,0,0,0,0,0,0,17,13,69,5.31,2,0,0,2,0,0,19,31.9,31.9,25.4,0,62,0,2020
345,Isaiah Wright,WAS,WR,23,14,6,0,1,0,0,0,3,16,5.33,0,35,27,197,7.30,0,3,1,0,0,0,19,46.3,50.3,32.8,0,137,0,2020
346,Cameron Batson,TEN,WR,25,12,1,0,0,0,0,0,4,20,5.00,0,13,12,100,8.33,1,1,0,1,0,0,18,30.0,33.0,24.0,0,141,0,2020
347,C.J. Ham,MIN,RB,27,15,11,0,0,0,0,0,5,18,3.60,0,13,8,97,12.13,1,0,0,1,0,0,18,25.5,25.5,21.5,0,99,0,2020
348,KhaDarel Hodge,CLE,WR,25,9,0,0,0,0,0,0,0,0,0,0,17,11,180,16.36,0,0,0,0,0,0,18,29.0,32.0,23.5,0,142,0,2020
349,Ryan Izzo,NWE,TE,25,12,12,0,0,0,0,0,0,0,0,0,20,13,199,15.31,0,1,1,0,0,0,18,30.9,34.9,24.4,0,64,0,2020
350,Alshon Jeffery,PHI,WR,30,7,2,0,0,0,0,0,0,0,0,0,13,6,115,19.17,1,0,0,1,0,0,18,23.5,26.5,20.5,0,144,0,2020
351,D'Ernest Johnson,CLE,RB,24,16,0,0,0,0,0,0,33,166,5.03,0,4,3,14,4.67,0,1,0,0,0,0,18,21.0,24.0,19.5,0,98,0,2020
352,Colt McCoy,NYG,QB,34,4,2,40,66,375,1,1,9,12,1.33,0,0,0,0,0,0,1,1,0,0,1,18,18.2,23.2,19.2,0,51,0,2020
353,Albert Okwuegbunam,DEN,TE,22,4,0,0,0,0,0,0,0,0,0,0,15,11,121,11.00,1,0,0,1,0,0,18,29.1,32.1,23.6,0,63,0,2020
354,Brandon Powell,ATL,WR,25,15,1,0,0,0,0,0,2,7,3.50,0,18,12,69,5.75,2,2,1,2,0,0,18,29.6,30.6,23.6,0,143,0,2020
355,Kalif Raymond,TEN,WR,26,15,3,0,0,0,0,0,1,-3,-3.00,0,15,9,187,20.78,0,0,0,0,0,0,18,27.4,30.4,22.9,0,140,0,2020
356,Mason Rudolph,PIT,QB,25,5,1,25,43,324,2,1,7,-6,-0.86,0,0,0,0,0,0,0,0,0,0,0,18,18.4,22.4,19.4,0,50,0,2020
357,Equanimeous St. Brown,GNB,WR,24,12,1,0,0,0,0,0,1,7,7.00,0,13,7,117,16.71,1,0,0,1,0,0,18,25.4,28.4,21.9,0,139,0,2020
358,Ke'Shawn Vaughn,TAM,RB,23,10,0,0,0,0,0,0,26,109,4.19,0,10,5,34,6.80,1,1,1,1,0,0,18,23.3,27.3,20.8,0,97,0,2020
359,JJ Arcega-Whiteside,PHI,WR,24,8,0,0,0,0,0,0,0,0,0,0,8,4,85,21.25,0,0,0,1,1,0,17,20.5,20.5,18.5,0,151,0,2020
360,Dez Bryant,BAL,WR,32,6,0,0,0,0,0,0,0,0,0,0,11,6,47,7.83,2,0,0,2,0,0,17,22.7,22.7,19.7,0,149,0,2020
361,Alec Ingold,LVR,RB,24,16,4,0,0,0,0,0,3,4,1.33,0,17,12,110,9.17,1,0,0,1,0,0,17,29.4,32.4,23.4,0,100,0,2020
362,KeeSean Johnson,ARI,WR,24,8,1,0,0,0,0,0,0,0,0,0,23,15,173,11.53,0,0,0,0,0,0,17,32.3,35.3,24.8,0,145,0,2020
363,Anthony McFarland Jr.,PIT,RB,21,11,0,0,0,0,0,0,33,113,3.42,0,9,6,54,9.00,0,0,0,0,0,0,17,22.7,25.7,19.7,0,101,0,2020
364,Jeff Smith,NYJ,WR,23,12,4,0,0,0,0,0,0,0,0,0,37,17,167,9.82,0,0,0,0,0,0,17,33.7,36.7,25.2,0,148,0,2020
365,Jace Sternberger,GNB,TE,24,12,0,0,0,0,0,0,0,0,0,0,15,12,114,9.50,1,0,0,1,0,0,17,29.4,32.4,23.4,0,65,0,2020
366,Mike Thomas,CIN,WR,26,14,0,0,0,0,0,0,1,1,1.00,0,21,13,132,10.15,1,1,1,1,0,0,17,30.3,34.3,23.8,0,146,0,2020
367,Laquon Treadwell,ATL,WR,25,5,0,0,0,0,0,0,0,0,0,0,7,6,49,8.17,2,0,0,2,0,0,17,22.9,22.9,19.9,0,147,0,2020
368,Quez Watkins,PHI,WR,22,6,0,0,0,0,0,0,0,0,0,0,13,7,106,15.14,1,0,0,1,0,0,17,23.6,26.6,20.1,0,150,0,2020
369,Trayveon Williams,CIN,RB,23,10,0,0,0,0,0,0,26,157,6.04,0,5,5,30,6.00,0,1,1,0,0,0,17,21.7,25.7,19.2,0,102,0,2020
370,Jamal Agnew,DET,WR,25,14,2,0,1,0,0,0,6,33,5.50,0,20,13,89,6.85,0,2,1,1,0,0,16,29.2,30.2,22.7,0,152,0,2020
371,Noah Brown,DAL,WR,24,16,1,0,0,0,0,0,1,4,4.00,0,24,14,154,11.00,0,0,0,0,0,0,16,29.8,32.8,22.8,0,153,0,2020
372,Corey Clement,PHI,RB,26,15,0,0,0,0,0,0,21,75,3.57,1,6,5,25,5.00,0,0,0,1,0,0,16,21.0,21.0,18.5,0,104,0,2020
373,D'Onta Foreman,TEN,RB,24,6,0,0,0,0,0,0,22,95,4.32,0,1,1,5,5.00,1,0,0,1,0,0,16,17.0,17.0,16.5,0,103,0,2020
374,Malcolm Perry,MIA,RB,23,9,2,0,0,0,0,0,3,5,1.67,0,13,9,92,10.22,1,1,0,1,0,0,16,24.7,24.7,20.2,0,105,0,2020
375,Lee Smith,BUF,WR,33,10,2,0,0,0,0,0,0,0,0,0,6,4,35,8.75,2,0,0,2,0,0,16,19.5,19.5,17.5,0,154,0,2020
376,Nick Vannett,DEN,TE,27,15,11,0,0,0,0,0,0,0,0,0,21,14,95,6.79,1,0,0,1,0,0,16,29.5,29.5,22.5,0,67,0,2020
377,Maxx Williams,ARI,TE,26,9,8,0,0,0,0,0,0,0,0,0,10,8,102,12.75,1,0,0,1,0,0,16,24.2,27.2,20.2,0,66,0,2020
378,Reggie Bonnafon,CAR,RB,24,2,0,0,0,0,0,0,12,69,5.75,0,2,2,18,9.00,1,0,0,1,0,0,15,16.7,16.7,15.7,0,109,0,2020
379,Darrell Daniels,ARI,TE,26,12,8,0,0,0,0,0,0,0,0,0,11,8,92,11.50,1,0,0,1,0,0,15,23.2,23.2,19.2,0,68,0,2020
380,Tyler Ervin,GNB,RB,27,8,0,0,0,0,0,0,13,67,5.15,0,15,11,84,7.64,0,0,0,0,0,0,15,26.1,26.1,20.6,0,108,0,2020
381,Blaine Gabbert,TAM,QB,31,4,0,9,16,143,2,0,9,16,1.78,0,0,0,0,0,0,1,0,0,0,0,15,15.3,15.3,15.3,0,52,0,2020
382,Garrett Gilbert,DAL,QB,29,1,1,21,38,243,1,1,3,28,9.33,0,0,0,0,0,0,0,0,0,0,0,15,14.5,15.5,15.5,0,53,0,2020
383,Gabe Nabers,LAC,RB,23,16,5,0,0,0,0,0,2,7,3.50,0,7,5,25,5.00,2,0,0,2,0,0,15,20.2,20.2,17.7,0,107,0,2020
384,Auden Tate,CIN,WR,23,9,2,0,0,0,0,0,0,0,0,0,22,14,150,10.71,0,0,0,0,0,0,15,29.0,32.0,22.0,0,155,0,2020
385,C.J. Uzomah,CIN,TE,27,2,2,0,0,0,0,0,0,0,0,0,11,8,87,10.88,1,0,0,1,0,0,15,22.7,22.7,18.7,0,69,0,2020
386,T.J. Yeldon,BUF,RB,27,3,0,0,0,0,0,0,10,70,7.00,0,4,1,22,22.00,1,1,0,1,0,0,15,16.2,16.2,15.7,0,106,0,2020
387,Christian Blake,ATL,WR,24,16,0,0,0,0,0,0,0,0,0,0,18,13,141,10.85,0,0,0,0,0,0,14,27.1,30.1,20.6,0,157,0,2020
388,Darrynton Evans,TEN,RB,22,5,0,0,0,0,0,0,14,54,3.86,0,4,2,27,13.50,1,0,0,1,0,0,14,16.1,16.1,15.1,0,110,0,2020
389,Troy Fumagalli,DEN,TE,25,8,0,0,0,0,0,0,0,0,0,0,15,8,80,10.00,1,0,0,1,0,0,14,22.0,22.0,18.0,0,70,0,2020
390,Geoff Swaim,TEN,WR,27,10,8,0,0,0,0,0,0,0,0,0,12,9,83,9.22,1,0,0,1,0,0,14,23.3,23.3,18.8,0,156,0,2020
391,Malik Taylor,GNB,WR,25,15,1,0,0,0,0,0,1,9,9.00,0,6,5,66,13.20,1,0,0,1,0,0,14,18.5,18.5,16.0,0,158,0,2020
392,Mike Boone,MIN,RB,25,16,0,0,0,0,0,0,11,59,5.36,1,2,2,10,5.00,0,0,0,1,0,0,13,14.9,14.9,13.9,0,112,0,2020
393,De'Michael Harris,IND,WR,22,7,0,0,0,0,0,0,6,46,7.67,0,10,10,79,7.90,0,0,0,0,0,0,13,22.5,22.5,17.5,0,159,0,2020
394,LeSean McCoy,TAM,RB,32,10,0,0,0,0,0,0,10,31,3.10,0,19,15,101,6.73,0,0,0,0,0,0,13,28.2,31.2,20.7,0,111,0,2020
395,Ty Montgomery,NOR,RB,27,6,1,0,0,0,0,0,19,101,5.32,0,6,3,27,9.00,0,0,0,0,0,0,13,15.8,18.8,14.3,0,113,0,2020
396,Ryan Nall,CHI,RB,25,16,0,0,0,0,0,0,3,0,0.00,0,9,8,67,8.38,1,0,0,1,0,0,13,20.7,20.7,16.7,0,114,0,2020
397,Jarrett Stidham,NWE,QB,24,5,0,22,44,256,2,3,7,7,1.00,0,0,0,0,0,0,0,0,0,0,0,13,12.9,15.9,15.9,0,54,0,2020
398,John Wolford,LAR,QB,25,1,1,22,38,231,0,1,6,56,9.33,0,0,0,0,0,0,0,0,0,0,0,13,12.8,13.8,13.8,0,55,0,2020
399,Tarik Cohen,CHI,RB,25,3,0,0,0,0,0,0,14,74,5.29,0,9,6,41,6.83,0,0,0,0,0,0,12,17.5,17.5,14.5,0,118,0,2020
400,Chase Daniel,DET,QB,34,4,0,29,43,264,1,2,2,16,8.00,0,0,0,0,0,0,0,0,0,0,0,12,12.2,14.2,14.2,0,56,0,2020
401,Taylor Heinicke,WAS,QB,27,1,0,12,19,137,1,0,3,22,7.33,0,0,0,0,0,0,0,0,0,0,0,12,11.7,11.7,11.7,0,57,0,2020
402,Chris Hogan,NYJ,WR,33,5,4,0,0,0,0,0,0,0,0,0,26,14,118,8.43,0,0,0,0,0,0,12,25.8,28.8,18.8,0,161,0,2020
403,Patrick Laird,MIA,RB,25,16,0,0,0,0,0,0,13,72,5.54,0,12,10,68,6.80,0,1,1,0,0,0,12,22.0,23.0,17.0,0,116,0,2020
404,Ray-Ray McCloud,PIT,WR,24,16,2,0,0,0,0,0,4,65,16.25,0,22,20,77,3.85,0,2,1,0,0,0,12,32.2,33.2,22.2,0,160,0,2020
405,Dante Pettis,2TM,WR,25,7,1,0,0,0,0,0,0,0,0,0,6,4,76,19.00,1,1,1,1,0,0,12,15.6,16.6,13.6,0,162,0,2020
406,Troymaine Pope,LAC,RB,27,6,0,0,0,0,0,0,15,76,5.07,0,10,8,42,5.25,0,0,0,0,0,0,12,19.8,19.8,15.8,0,117,0,2020
407,DeAndre Washington,2TM,RB,27,4,1,0,0,0,0,0,31,91,2.94,0,10,5,30,6.00,0,0,0,0,0,0,12,17.1,17.1,14.6,0,115,0,2020
408,Stephen Anderson,LAC,TE,27,16,3,0,0,0,0,0,0,0,0,0,11,8,106,13.25,0,0,0,0,0,0,11,18.6,21.6,14.6,0,75,0,2020
409,Blake Bell,DAL,TE,29,16,2,0,0,0,0,0,1,2,2.00,0,15,11,110,10.00,0,0,0,0,0,0,11,22.2,25.2,16.7,0,71,0,2020
410,Alex Erickson,CIN,WR,28,16,2,0,1,0,0,0,5,7,1.40,0,17,12,139,11.58,0,2,2,0,0,0,11,22.6,27.6,16.6,0,165,0,2020
411,Virgil Green,LAC,TE,32,6,3,0,0,0,0,0,0,0,0,0,6,3,50,16.67,1,0,0,1,0,0,11,14.0,14.0,12.5,0,73,0,2020
412,Josh Hill,NOR,TE,30,14,7,0,0,0,0,0,0,0,0,0,10,8,46,5.75,1,1,0,1,0,0,11,18.6,18.6,14.6,0,74,0,2020
413,Lil'Jordan Humphrey,NOR,WR,22,3,1,0,0,0,0,0,0,0,0,0,5,3,46,15.33,1,0,0,1,0,0,11,13.6,13.6,12.1,0,164,0,2020
414,Brett Rypien,DEN,QB,24,3,1,27,40,295,2,4,5,-5,-1.00,0,0,0,0,0,0,1,0,0,0,0,11,11.3,15.3,15.3,0,58,0,2020
415,Kaden Smith,NYG,TE,23,15,12,0,0,0,0,0,0,0,0,0,21,18,112,6.22,0,1,0,0,0,0,11,29.2,32.2,20.2,0,72,0,2020
416,Diontae Spencer,DEN,WR,28,11,0,0,0,0,0,0,3,19,6.33,0,6,3,26,8.67,0,2,0,1,0,0,11,13.5,13.5,12.0,0,166,0,2020
417,J.J. Taylor,NWE,RB,22,6,0,0,0,0,0,0,23,110,4.78,0,2,1,4,4.00,0,0,0,0,0,0,11,12.4,15.4,11.9,0,119,0,2020
418,Javon Wims,CHI,WR,26,13,1,0,0,0,0,0,1,2,2.00,0,12,6,48,8.00,1,0,0,1,0,0,11,17.0,17.0,14.0,0,163,0,2020
419,Devin Asiasi,NWE,TE,23,9,3,0,0,0,0,0,0,0,0,0,7,2,39,19.50,1,0,0,1,0,0,10,11.9,11.9,10.9,0,76,0,2020
420,C.J. Board,NYG,WR,27,14,4,0,0,0,0,0,1,3,3.00,0,16,11,101,9.18,0,0,0,0,0,0,10,21.4,24.4,15.9,0,167,0,2020
421,Jakob Johnson,NWE,RB,26,16,11,0,0,0,0,0,0,0,0,0,9,8,35,4.38,1,1,0,1,0,0,10,17.5,17.5,13.5,0,120,0,2020
422,Vance McDonald ,PIT,TE,30,14,12,0,0,0,0,0,0,0,0,0,20,15,99,6.60,0,0,0,0,0,0,10,24.9,24.9,17.4,0,77,0,2020
423,Brandon Zylstra,CAR,WR,27,16,2,0,0,0,0,0,1,1,1.00,0,4,3,35,11.67,0,0,0,1,0,0,10,12.6,12.6,11.1,0,168,0,2020
424,Matt Barkley,BUF,QB,30,5,0,11,21,197,1,1,6,-6,-1.00,0,0,0,0,0,0,0,0,0,0,0,9,9.3,10.3,10.3,0,60,0,2020
425,Saquon Barkley,NYG,RB,23,2,2,0,0,0,0,0,19,34,1.79,0,9,6,60,10.00,0,0,0,0,0,0,9,15.4,15.4,12.4,0,122,0,2020
426,Parris Campbell,IND,WR,23,2,2,0,0,0,0,0,2,16,8.00,0,9,6,71,11.83,0,0,0,0,0,0,9,14.7,14.7,11.7,0,172,0,2020
427,Austin Carr,NOR,WR,27,6,0,0,0,0,0,0,0,0,0,0,4,3,27,9.00,1,0,0,1,0,0,9,11.7,11.7,10.2,0,173,0,2020
428,Tevin Coleman,SFO,RB,27,8,1,0,0,0,0,0,28,53,1.89,0,5,4,34,8.50,0,0,0,0,0,0,9,12.7,12.7,10.7,0,123,0,2020
429,Dominique Dafney,GNB,TE,23,5,2,0,0,0,0,0,0,0,0,0,2,2,26,13.00,1,0,0,1,0,0,9,10.6,10.6,9.6,0,79,0,2020
430,Ryan Griffin,NYJ,TE,30,15,6,0,0,0,0,0,0,0,0,0,12,9,86,9.56,0,0,0,0,0,0,9,17.6,17.6,13.1,0,78,0,2020
431,Austin Mack,NYG,WR,23,11,1,0,0,0,0,0,0,0,0,0,11,7,91,13.00,0,0,0,0,0,0,9,16.1,16.1,12.6,0,170,0,2020
432,Trace McSorley,BAL,QB,25,2,0,3,10,90,1,0,5,17,3.40,0,0,0,0,0,0,0,0,0,0,0,9,9.3,9.3,9.3,0,59,0,2020
433,Artavis Pierce,CHI,RB,24,5,0,0,0,0,0,0,6,34,5.67,1,0,0,0,0,0,0,0,1,0,0,9,9.4,9.4,9.4,0,121,0,2020
434,Joe Reed,LAC,WR,22,11,0,0,0,0,0,0,5,29,5.80,1,1,0,0,0,0,0,0,1,0,0,9,8.9,8.9,8.9,0,171,0,2020
435,Trent Taylor,SFO,WR,26,12,1,0,0,0,0,0,0,0,0,0,21,10,86,8.60,0,0,0,0,0,0,9,18.6,18.6,13.6,0,174,0,2020
436,Tyrod Taylor,LAC,QB,31,2,1,16,30,208,0,0,6,7,1.17,0,0,0,0,0,0,0,0,0,0,0,9,9.0,9.0,9.0,0,61,0,2020
437,Phillip Walker,CAR,QB,25,4,1,32,56,368,1,5,5,-2,-0.40,0,1,0,0,0,0,1,0,0,0,0,9,8.5,16.5,13.5,0,62,0,2020
438,Justin Watson,TAM,WR,24,11,2,0,0,0,0,0,0,0,0,0,11,7,94,13.43,0,0,0,0,0,0,9,16.4,16.4,12.9,0,169,0,2020
439,Reggie Gilliam,BUF,TE,23,14,0,0,0,0,0,0,0,0,0,0,2,2,16,8.00,1,0,0,1,0,0,8,9.6,9.6,8.6,0,80,0,2020
440,Justice Hill,BAL,RB,23,12,0,0,0,0,0,0,12,60,5.00,0,5,5,20,4.00,0,0,0,0,0,0,8,13.0,13.0,10.5,0,125,0,2020
441,Jake Kumerow,BUF,WR,28,6,0,0,0,0,0,0,0,0,0,0,1,1,22,22.00,1,0,0,1,0,0,8,9.2,9.2,8.7,0,175,0,2020
442,C.J. Prosise,HOU,RB,26,10,0,0,0,0,0,0,10,19,1.90,0,5,5,18,3.60,1,1,1,1,0,0,8,12.7,13.7,10.2,0,126,0,2020
443,Patrick Ricard*,BAL,RB,26,15,10,0,0,0,0,0,1,-1,-1.00,0,12,9,45,5.00,1,1,1,1,0,0,8,17.4,18.4,12.9,0,124,0,2020
444,Chris Streveler,ARI,QB,25,5,0,11,16,105,1,1,4,15,3.75,0,0,0,0,0,0,1,0,0,0,0,8,7.7,8.7,8.7,0,63,0,2020
445,Pharoh Cooper,CAR,WR,25,16,1,0,0,0,0,0,0,0,0,0,8,5,73,14.60,0,1,0,0,0,0,7,12.3,12.3,9.8,0,176,0,2020
446,Ben DiNucci,DAL,QB,24,3,1,23,43,219,0,0,6,22,3.67,0,0,0,0,0,0,4,2,0,0,0,7,7.0,9.0,7.0,0,64,0,2020
447,Buddy Howell,HOU,RB,24,14,0,0,0,0,0,0,16,64,4.00,0,2,1,3,3.00,0,0,0,0,0,0,7,7.7,7.7,7.2,0,130,0,2020
448,Jaylen Samuels,PIT,RB,24,14,1,0,0,0,0,0,9,28,3.11,0,14,9,46,5.11,0,0,0,0,0,0,7,16.4,16.4,11.9,0,127,0,2020
449,Anthony Sherman,KAN,RB,32,13,1,0,0,0,0,0,3,8,2.67,0,2,1,5,5.00,1,0,0,1,0,0,7,8.3,8.3,7.8,0,128,0,2020
450,Keith Smith,ATL,RB,28,16,7,0,0,0,0,0,4,7,1.75,0,15,11,59,5.36,0,0,0,0,0,0,7,17.6,17.6,12.1,0,131,0,2020
451,Courtland Sutton,DEN,WR,25,1,1,0,0,0,0,0,0,0,0,0,6,3,66,22.00,0,0,0,0,0,0,7,9.6,9.6,8.1,0,177,0,2020
452,Colin Thompson,CAR,TE,27,15,4,0,0,0,0,0,0,0,0,0,2,1,7,7.00,1,0,0,1,0,0,7,7.7,7.7,7.2,0,81,0,2020
453,Jonathan Ward,ARI,RB,23,14,0,0,0,0,0,0,0,0,0,0,1,1,11,11.00,1,0,0,1,0,0,7,8.1,8.1,7.6,0,129,0,2020
454,Ja'Marcus Bradley,CLE,WR,24,3,1,0,0,0,0,0,0,0,0,0,11,5,60,12.00,0,0,0,0,0,0,6,11.0,11.0,8.5,0,182,0,2020
455,Tyrie Cleveland,DEN,WR,23,10,0,0,0,0,0,0,0,0,0,0,9,6,63,10.50,0,0,0,0,0,0,6,12.3,12.3,9.3,0,180,0,2020
456,Jason Croom,PHI,TE,26,4,0,0,0,0,0,0,0,0,0,0,1,1,3,3.00,1,0,0,1,0,0,6,7.3,7.3,6.8,0,84,0,2020
457,Ashton Dulin,IND,WR,23,13,0,0,0,0,0,0,2,11,5.50,0,6,3,53,17.67,0,1,0,0,0,0,6,9.4,9.4,7.9,0,178,0,2020
458,Marlon Mack,IND,RB,24,1,1,0,0,0,0,0,4,26,6.50,0,3,3,30,10.00,0,0,0,0,0,0,6,8.6,8.6,7.1,0,133,0,2020
459,Jaydon Mickens,TAM,WR,26,10,0,0,0,0,0,0,0,0,0,0,10,7,58,8.29,0,0,0,0,0,0,6,12.8,12.8,9.3,0,183,0,2020
460,Steven Mitchell,HOU,WR,26,6,1,0,0,0,0,0,0,0,0,0,8,5,60,12.00,0,0,0,0,0,0,6,11.0,11.0,8.5,0,181,0,2020
461,Damion Ratley,NYG,WR,25,5,0,0,0,0,0,0,0,0,0,0,10,4,63,15.75,0,1,0,0,0,0,6,10.3,10.3,8.3,0,179,0,2020
462,Theo Riddick,LVR,RB,29,4,0,0,0,0,0,0,6,14,2.33,0,6,5,43,8.60,0,0,0,0,0,0,6,10.7,10.7,8.2,0,132,0,2020
463,Luke Stocker,ATL,TE,32,16,13,0,0,0,0,0,0,0,0,0,11,7,63,9.00,0,0,0,0,0,0,6,13.3,13.3,9.8,0,83,0,2020
464,Jordan Thomas,2TM,TE,24,6,0,0,0,0,0,0,0,0,0,0,2,1,3,3.00,1,0,0,1,0,0,6,7.3,7.3,6.8,0,82,0,2020
465,Michael Burton,NOR,RB,28,15,4,0,0,0,0,0,7,18,2.57,0,4,4,28,7.00,0,0,0,0,0,0,5,8.6,8.6,6.6,0,136,0,2020
466,Trenton Cannon,CAR,RB,26,14,0,0,0,0,0,0,10,33,3.30,0,3,3,16,5.33,0,0,0,0,0,0,5,7.9,7.9,6.4,0,135,0,2020
467,Cethan Carter,CIN,TE,25,15,5,0,0,0,0,0,0,0,0,0,7,5,53,10.60,0,0,0,0,0,0,5,10.3,10.3,7.8,0,86,0,2020
468,Demetrius Harris,CHI,TE,29,15,5,0,0,0,0,0,0,0,0,0,14,7,45,6.43,0,0,0,0,0,0,5,11.5,11.5,8.0,0,89,0,2020
469,Dontrell Hilliard,2TM,RB,25,7,0,0,0,0,0,0,9,48,5.33,0,1,1,2,2.00,0,0,0,0,0,0,5,6.0,6.0,5.5,0,134,0,2020
470,K.J. Hill,LAC,WR,23,15,0,0,0,0,0,0,0,0,0,0,11,7,73,10.43,0,1,1,0,0,0,5,12.3,13.3,8.8,0,185,0,2020
471,Chris Manhertz,CAR,TE,28,16,12,0,0,0,0,0,0,0,0,0,8,6,52,8.67,0,0,0,0,0,0,5,11.2,11.2,8.2,0,87,0,2020
472,Johnny Mundt,LAR,TE,26,16,1,0,0,0,0,0,0,0,0,0,4,4,53,13.25,0,0,0,0,0,0,5,9.3,9.3,7.3,0,85,0,2020
473,Trent Sherfield,ARI,WR,24,15,1,0,0,0,0,0,0,0,0,0,7,5,50,10.00,0,0,0,0,0,0,5,10.0,10.0,7.5,0,186,0,2020
474,Levine Toilolo,NYG,TE,29,16,2,0,0,0,0,0,0,0,0,0,6,5,46,9.20,0,0,0,0,0,0,5,9.6,9.6,7.1,0,88,0,2020
475,Nick Westbrook-Ikhine,TEN,WR,23,14,1,0,0,0,0,0,0,0,0,0,8,3,33,11.00,0,0,0,0,1,0,5,8.3,8.3,6.8,0,184,0,2020
476,Isaiah Zuber,NWE,WR,23,4,0,0,0,0,0,0,2,21,10.50,0,2,2,29,14.50,0,0,0,0,0,0,5,7.0,7.0,6.0,0,187,0,2020
477,Khari Blasingame,TEN,RB,24,15,7,0,0,0,0,0,0,0,0,0,5,4,39,9.75,0,0,0,0,0,0,4,7.9,7.9,5.9,0,138,0,2020
478,Hunter Bryant,DET,TE,22,5,0,0,0,0,0,0,0,0,0,0,3,1,44,44.00,0,0,0,0,0,0,4,5.4,5.4,4.9,0,90,0,2020
479,Lawrence Cager,NYJ,WR,23,2,1,0,0,0,0,0,0,0,0,0,6,2,35,17.50,0,0,0,0,0,0,4,5.5,5.5,4.5,0,194,0,2020
480,River Cracraft,SFO,WR,26,9,1,0,0,0,0,0,0,0,0,0,9,6,41,6.83,0,0,0,0,0,0,4,10.1,10.1,7.1,0,188,0,2020
481,Robert Foster,WAS,WR,26,4,2,0,0,0,0,0,0,0,0,0,6,2,37,18.50,0,0,0,0,0,0,4,5.7,5.7,4.7,0,192,0,2020
482,Ted Ginn Jr.,CHI,WR,35,6,0,0,0,0,0,0,0,0,0,0,6,3,40,13.33,0,1,0,0,0,0,4,7.0,7.0,5.5,0,189,0,2020
483,Terry Godwin,JAX,WR,24,3,0,0,0,0,0,0,1,3,3.00,0,6,3,32,10.67,0,0,0,0,0,0,4,6.5,6.5,5.0,0,193,0,2020
484,Tanner Hudson,TAM,TE,26,11,0,0,0,0,0,0,0,0,0,0,7,3,41,13.67,0,0,0,0,0,0,4,7.1,7.1,5.6,0,92,0,2020
485,Juwan Johnson,NOR,WR,24,7,4,0,0,0,0,0,0,0,0,0,10,4,39,9.75,0,0,0,0,0,0,4,7.9,7.9,5.9,0,190,0,2020
486,Nick Keizer,KAN,TE,25,16,3,0,0,0,0,0,0,0,0,0,9,6,63,10.50,0,1,1,0,0,0,4,10.3,11.3,7.3,0,91,0,2020
487,Devine Ozigbo,JAX,RB,24,8,0,0,0,0,0,0,1,1,1.00,0,9,9,42,4.67,0,0,0,0,0,0,4,13.3,13.3,8.8,0,137,0,2020
488,Elijhaa Penny,NYG,RB,27,14,0,0,0,0,0,0,6,15,2.50,0,3,2,20,10.00,0,0,0,0,0,0,4,5.5,5.5,4.5,0,139,0,2020
489,Riley Ridley,CHI,WR,24,5,1,0,0,0,0,0,0,0,0,0,4,4,39,9.75,0,0,0,0,0,0,4,7.9,7.9,5.9,0,191,0,2020
490,Kahale Warring,HOU,TE,23,7,0,0,0,0,0,0,0,0,0,0,7,3,35,11.67,0,0,0,0,0,0,4,6.5,6.5,5.0,0,95,0,2020
491,Charlie Woerner,SFO,TE,23,14,0,0,0,0,0,0,0,0,0,0,4,3,36,12.00,0,0,0,0,0,0,4,6.6,6.6,5.1,0,94,0,2020
492,Deon Yelder,KAN,TE,25,14,1,0,0,0,0,0,0,0,0,0,11,7,36,5.14,0,0,0,0,0,0,4,10.6,10.6,7.1,0,93,0,2020
493,Alex Armah,CAR,RB,26,16,1,0,0,0,0,0,6,9,1.50,0,9,5,18,3.60,0,0,0,0,0,0,3,7.7,7.7,5.2,0,143,0,2020
494,Daniel Brown,NYJ,WR,28,16,1,0,0,0,0,0,0,0,0,0,2,2,31,15.50,0,0,0,0,0,0,3,5.1,5.1,4.1,0,196,0,2020
495,Stephen Carlson,CLE,TE,24,16,2,0,0,0,0,0,0,0,0,0,2,1,11,11.00,0,0,0,0,1,0,3,4.1,4.1,3.6,0,96,0,2020
496,Ben Ellefson,JAX,TE,24,7,4,0,0,0,0,0,0,0,0,0,4,1,10,10.00,0,0,0,0,1,0,3,4.0,4.0,3.5,0,97,0,2020
497,Antonio Gandy-Golden,WAS,WR,22,6,2,0,0,0,0,0,1,22,22.00,0,7,1,3,3.00,0,0,0,0,0,0,3,3.5,3.5,3.0,0,199,0,2020
498,Jaeden Graham,ATL,TE,25,16,0,0,0,0,0,0,0,0,0,0,5,3,25,8.33,0,0,0,0,0,0,3,5.5,5.5,4.0,0,98,0,2020
499,Robert Griffin III,BAL,QB,30,4,1,8,14,42,0,2,12,69,5.75,0,0,0,0,0,0,1,1,0,0,0,3,2.6,5.6,4.6,0,66,0,2020
500,Tyler Huntley,BAL,QB,22,2,0,3,5,15,0,0,10,23,2.30,0,0,0,0,0,0,0,0,0,0,0,3,2.9,2.9,2.9,0,65,0,2020
501,Josh Malone,NYJ,WR,24,4,0,0,0,0,0,0,1,12,12.00,0,6,4,16,4.00,0,0,0,0,0,0,3,6.8,6.8,4.8,0,197,0,2020
502,Rashaad Penny,SEA,RB,24,3,0,0,0,0,0,0,11,34,3.09,0,0,0,0,0,0,0,0,0,0,0,3,3.4,3.4,3.4,0,140,0,2020
503,Seth Roberts,CAR,WR,29,7,1,0,0,0,0,0,0,0,0,0,6,4,31,7.75,0,0,0,0,0,0,3,7.1,7.1,5.1,0,195,0,2020
504,Bo Scarbrough,SEA,RB,26,1,0,0,0,0,0,0,6,31,5.17,0,0,0,0,0,0,0,0,0,0,0,3,3.1,3.1,3.1,0,141,0,2020
505,Darrius Shepherd ,GNB,WR,25,8,0,0,0,0,0,0,0,0,0,0,8,5,46,9.20,0,1,1,0,0,0,3,7.6,8.6,5.1,0,198,0,2020
506,Austin Walter,SFO,RB,24,4,0,0,0,0,0,0,1,3,3.00,0,1,1,27,27.00,0,0,0,0,0,0,3,4.0,4.0,3.5,0,142,0,2020
507,LeVante Bellamy,DEN,RB,24,5,0,0,0,0,0,0,4,11,2.75,0,1,1,5,5.00,0,0,0,0,0,0,2,2.6,2.6,2.1,0,148,0,2020
508,David Blough,DET,QB,25,1,0,6,10,49,0,1,1,18,18.00,0,0,0,0,0,0,0,0,0,0,0,2,1.8,2.8,2.8,0,73,0,2020
509,Deontay Burnett,PHI,WR,23,2,0,0,0,0,0,0,0,0,0,0,4,3,19,6.33,0,0,0,0,0,0,2,4.9,4.9,3.4,0,204,0,2020
510,Antonio Callaway,MIA,WR,23,5,1,0,0,0,0,0,0,0,0,0,4,2,20,10.00,0,0,0,0,0,0,2,4.0,4.0,3.0,0,202,0,2020
511,Joshua Dobbs,PIT,QB,25,1,0,4,5,2,0,0,2,20,10.00,0,0,0,0,0,0,0,0,0,0,0,2,2.1,2.1,2.1,0,69,0,2020
512,Rico Dowdle,DAL,RB,22,15,0,0,0,0,0,0,7,24,3.43,0,0,0,0,0,0,0,0,0,0,0,2,2.4,2.4,2.4,0,144,0,2020
513,Daurice Fountain,IND,WR,25,5,0,0,0,0,0,0,0,0,0,0,3,2,23,11.50,0,0,0,0,0,0,2,4.3,4.3,3.3,0,200,0,2020
514,Penny Hart,SEA,WR,24,13,0,0,0,0,0,0,1,19,19.00,0,1,1,3,3.00,0,0,0,0,0,0,2,3.2,3.2,2.7,0,201,0,2020
515,Brian Hoyer,NWE,QB,35,1,1,15,24,130,0,1,1,8,8.00,0,0,0,0,0,0,1,1,0,0,0,2,2.0,4.0,3.0,0,70,0,2020
516,Jason Huntley,PHI,RB,22,5,0,0,0,0,0,0,5,19,3.80,0,2,1,0,0.00,0,0,0,0,0,0,2,2.9,2.9,2.4,0,145,0,2020
517,Andy Janovich,CLE,RB,27,14,3,0,0,0,0,0,2,4,2.00,0,5,2,13,6.50,0,0,0,0,0,0,2,3.7,3.7,2.7,0,146,0,2020
518,Case Keenum,CLE,QB,32,2,0,5,10,46,0,0,0,0,0,0,0,0,0,0,0,0,0,0,0,0,2,1.8,1.8,1.8,0,72,0,2020
519,Dalton Keene,NWE,TE,21,6,0,0,0,0,0,0,0,0,0,0,5,3,16,5.33,0,1,0,0,0,0,2,4.6,4.6,3.1,0,101,0,2020
520,Tommylee Lewis,NOR,WR,28,5,0,0,0,0,0,0,2,14,7.00,0,3,1,5,5.00,0,0,0,0,0,0,2,2.9,2.9,2.4,0,205,0,2020
521,Donte Moncrief,NWE,WR,27,6,0,0,0,0,0,0,1,4,4.00,0,2,1,15,15.00,0,0,0,0,0,0,2,2.9,2.9,2.4,0,203,0,2020
522,Colby Parkinson,SEA,TE,21,6,0,0,0,0,0,0,0,0,0,0,2,2,16,8.00,0,0,0,0,0,0,2,3.6,3.6,2.6,0,100,0,2020
523,Nathan Peterman,LVR,QB,26,1,0,3,5,25,0,0,1,9,9.00,0,0,0,0,0,0,0,0,0,0,0,2,1.9,1.9,1.9,0,71,0,2020
524,Scottie Phillips,HOU,RB,23,8,0,0,0,0,0,0,2,9,4.50,0,1,1,7,7.00,0,0,0,0,0,0,2,2.6,2.6,2.1,0,147,0,2020
525,John Ross,CIN,WR,25,3,1,0,0,0,0,0,0,0,0,0,7,2,17,8.50,0,0,0,0,0,0,2,3.7,3.7,2.7,0,206,0,2020
526,Eric Saubert,JAX,TE,26,8,4,0,0,0,0,0,0,0,0,0,4,3,16,5.33,0,0,0,0,0,0,2,4.6,4.6,3.1,0,99,0,2020
527,Jaleel Scott,NYJ,WR,25,1,1,0,0,0,0,0,0,0,0,0,1,1,16,16.00,0,0,0,0,0,0,2,2.6,2.6,2.1,0,207,0,2020
528,Tommy Stevens,CAR,QB,24,1,0,0,0,0,0,0,4,24,6.00,0,0,0,0,0,0,0,0,0,0,0,2,2.4,2.4,2.4,0,67,0,2020
529,Dwayne Washington,NOR,RB,26,11,0,0,0,0,0,0,8,15,1.88,0,0,0,0,0,0,0,0,0,0,0,2,1.5,1.5,1.5,0,149,0,2020
530,Jameis Winston,NOR,QB,26,4,0,7,11,75,0,0,8,-6,-0.75,0,0,0,0,0,0,0,0,0,0,0,2,2.4,2.4,2.4,0,68,0,2020
531,Nick Bellore*,SEA,RB,31,16,0,0,0,0,0,0,1,5,5.00,0,1,1,9,9.00,0,0,0,0,0,0,1,2.4,2.4,1.9,0,150,0,2020
532,Tyler Bray,CHI,QB,29,1,0,1,5,18,0,0,0,0,0,0,0,0,0,0,0,0,0,0,0,0,1,0.7,0.7,0.7,0,77,0,2020
533,Jake Butt,DEN,TE,25,5,1,0,0,0,0,0,0,0,0,0,4,2,5,2.50,0,0,0,0,0,0,1,2.5,2.5,1.5,0,111,0,2020
534,Derek Carrier,LVR,TE,30,16,0,0,0,0,0,0,0,0,0,0,1,1,14,14.00,0,0,0,0,0,0,1,2.4,2.4,1.9,0,102,0,2020
535,Chandler Cox,MIA,RB,24,8,3,0,0,0,0,0,0,0,0,0,2,2,9,4.50,0,0,0,0,0,0,1,2.9,2.9,1.9,0,154,0,2020
536,Josiah Deguara,GNB,TE,23,2,1,0,0,0,0,0,0,0,0,0,2,1,12,12.00,0,0,0,0,0,0,1,2.2,2.2,1.7,0,103,0,2020
537,Gehrig Dieter,KAN,WR,27,4,0,0,0,0,0,0,0,0,0,0,2,1,10,10.00,0,0,0,0,0,0,1,2.0,2.0,1.5,0,214,0,2020
538,Brandon Dillon,MIN,TE,23,3,0,0,0,0,0,0,0,0,0,0,1,1,6,6.00,0,0,0,0,0,0,1,1.6,1.6,1.1,0,108,0,2020
539,D.J. Foster,ARI,RB,27,10,0,0,0,0,0,0,2,2,1.00,0,1,1,7,7.00,0,0,0,0,0,0,1,1.9,1.9,1.4,0,153,0,2020
540,Bennie Fowler,NOR,WR,29,5,0,0,0,0,0,0,0,0,0,0,6,2,11,5.50,0,0,0,0,0,0,1,3.1,3.1,2.1,0,213,0,2020
541,Cullen Gillaspia,HOU,RB,25,7,0,0,0,0,0,0,0,0,0,0,1,1,6,6.00,0,0,0,0,0,0,1,1.6,1.6,1.1,0,157,0,2020
542,Temarrick Hemingway,WAS,TE,27,8,0,0,0,0,0,0,0,0,0,0,2,1,10,10.00,0,0,0,0,0,0,1,2.0,2.0,1.5,0,106,0,2020
543,Cody Hollister,TEN,WR,27,2,0,0,0,0,0,0,0,0,0,0,1,1,12,12.00,0,0,0,0,0,0,1,2.2,2.2,1.7,0,211,0,2020
544,Trenton Irwin,CIN,WR,25,1,0,0,0,0,0,0,0,0,0,0,2,1,5,5.00,0,0,0,0,0,0,1,1.5,1.5,1.0,0,215,0,2020
545,Blake Jarwin,DAL,TE,26,1,1,0,0,0,0,0,0,0,0,0,1,1,12,12.00,0,0,0,0,0,0,1,2.2,2.2,1.7,0,105,0,2020
546,Tony Jones,NOR,RB,23,1,1,0,0,0,0,0,3,13,4.33,0,0,0,0,0,0,0,0,0,0,0,1,1.3,1.3,1.3,0,151,0,2020
547,Marcus Kemp,2TM,WR,25,11,0,0,0,0,0,0,0,0,0,0,1,1,11,11.00,0,0,0,0,0,0,1,2.1,2.1,1.6,0,212,0,2020
548,Keith Kirkwood,CAR,WR,26,1,0,0,0,0,0,0,0,0,0,0,2,1,13,13.00,0,0,0,0,0,0,1,2.3,2.3,1.8,0,210,0,2020
549,John Lovett,GNB,TE,24,8,0,0,0,0,0,0,3,6,2.00,0,0,0,0,0,0,0,0,0,0,0,1,0.6,0.6,0.6,0,107,0,2020
550,A.J. McCarron,HOU,QB,30,2,0,1,1,20,0,0,0,0,0,0,0,0,0,0,0,0,0,0,0,0,1,0.8,0.8,0.8,0,76,0,2020
551,Lamar Miller,CHI,RB,29,1,0,0,0,0,0,0,0,0,0,0,2,2,6,3.00,0,0,0,0,0,0,1,2.6,2.6,1.6,0,159,0,2020
552,Senorise Perry,TEN,RB,29,7,0,0,0,0,0,0,2,9,4.50,0,0,0,0,0,0,0,0,0,0,0,1,0.9,0.9,0.9,0,152,0,2020
553,James Proche,BAL,WR,24,14,0,0,0,0,0,0,0,0,0,0,3,1,14,14.00,0,0,0,0,0,0,1,2.4,2.4,1.9,0,208,0,2020
554,Craig Reynolds,JAX,RB,24,2,0,0,0,0,0,0,1,4,4.00,0,1,1,3,3.00,0,0,0,0,0,0,1,1.7,1.7,1.2,0,156,0,2020
555,Geno Smith,SEA,QB,30,1,0,4,5,33,0,0,2,-2,-1.00,0,0,0,0,0,0,1,0,0,0,0,1,1.1,1.1,1.1,0,75,0,2020
556,Vyncint Smith,NYJ,WR,24,7,0,0,0,0,0,0,0,0,0,0,3,1,13,13.00,0,0,0,0,0,0,1,2.3,2.3,1.8,0,209,0,2020
557,Jeremy Sprinkle,WAS,TE,26,16,6,0,0,0,0,0,0,0,0,0,3,1,6,6.00,0,0,0,0,0,0,1,1.6,1.6,1.1,0,109,0,2020
558,Trevon Wesco,NYJ,TE,25,12,4,0,0,0,0,0,1,0,0.00,0,2,1,5,5.00,0,0,0,0,0,0,1,1.5,1.5,1.0,0,110,0,2020
559,Dexter Williams,GNB,RB,23,3,0,0,0,0,0,0,2,8,4.00,0,0,0,0,0,0,0,0,0,0,0,1,0.8,0.8,0.8,0,155,0,2020
560,Jonathan Williams,DET,RB,26,5,0,0,0,0,0,0,1,5,5.00,0,4,4,21,5.25,0,1,1,0,0,0,1,4.6,5.6,2.6,0,158,0,2020
561,Luke Willson,2TM,TE,30,8,0,0,0,0,0,0,0,0,0,0,3,1,12,12.00,0,0,0,0,0,0,1,2.2,2.2,1.7,0,104,0,2020
562,Logan Woodside,TEN,QB,25,6,0,1,3,7,0,0,7,10,1.43,0,0,0,0,0,0,0,0,0,0,0,1,1.3,1.3,1.3,0,74,0,2020
563,Antony Auclair,TAM,0,27,8,2,0,0,0,0,0,0,0,0,0,1,0,0,0,0,0,0,0,0,0,0,0,0,0,0,120,0,2020
564,Tavon Austin,GNB,WR,30,4,0,0,0,0,0,0,0,0,0,0,5,5,20,4.00,0,1,1,0,0,0,0,5.0,6.0,2.5,0,251,0,2020
565,Alex Bachman,NYG,0,24,1,0,0,0,0,0,0,0,0,0,0,0,0,0,0,0,0,0,0,0,0,0,0,0,0,0,237,0,2020
566,Jeff Badet,WAS,0,26,3,0,0,0,0,0,0,0,0,0,0,1,0,0,0,0,0,0,0,0,0,0,0,0,0,0,252,0,2020
567,Jake Bargas,MIN,0,24,1,0,0,0,0,0,0,0,0,0,0,0,0,0,0,0,0,0,0,0,0,0,0,0,0,0,168,0,2020
568,Kenjon Barner,TAM,0,31,6,0,0,0,0,0,0,0,0,0,0,1,0,0,0,0,0,0,0,0,0,0,0,0,0,0,163,0,2020
569,Marcus Baugh,WAS,TE,26,8,1,0,0,0,0,0,0,0,0,0,1,1,2,2.00,0,0,0,0,0,0,0,1.2,1.2,0.7,0,113,0,2020
570,Evan Baylis,ARI,0,27,5,1,0,0,0,0,0,0,0,0,0,0,0,0,0,0,0,0,0,0,0,0,0,0,0,0,119,0,2020
571,Andrew Beck,DEN,0,24,10,0,0,0,0,0,0,0,0,0,0,0,0,0,0,0,0,0,0,0,0,0,0,0,0,0,130,0,2020
572,Nate Becker,BUF,0,24,1,0,0,0,0,0,0,0,0,0,0,0,0,0,0,0,0,0,0,0,0,0,0,0,0,0,133,0,2020
573,Reggie Begelton,GNB,0,27,1,0,0,0,0,0,0,0,0,0,0,0,0,0,0,0,0,0,0,0,0,0,0,0,0,0,229,0,2020
574,Rashod Berry,NWE,0,24,3,0,0,0,0,0,0,0,0,0,0,0,0,0,0,0,0,0,0,0,0,0,0,0,0,0,122,0,2020
575,Darius Bradwell,LAC,0,23,2,0,0,0,0,0,0,0,0,0,0,0,0,0,0,0,0,0,0,0,0,0,0,0,0,0,172,0,2020
576,Tony Brooks-James,ATL,RB,26,1,0,0,0,0,0,0,3,4,1.33,0,0,0,0,0,0,0,0,0,0,0,0,0.4,0.4,0.4,0,160,0,2020
577,Fred Brown,DEN,0,27,1,0,0,0,0,0,0,0,0,0,0,0,0,0,0,0,0,0,0,0,0,0,0,0,0,0,233,0,2020
578,Tony Brown,WAS,0,23,1,0,0,0,0,0,0,0,0,0,0,0,0,0,0,0,0,0,0,0,0,0,0,0,0,0,218,0,2020
579,Deante Burton,DAL,0,26,4,0,0,0,0,0,0,0,0,0,0,0,0,0,0,0,0,0,0,0,0,0,0,0,0,0,222,0,2020
580,Hakeem Butler,PHI,0,24,2,0,0,0,0,0,0,0,0,0,0,1,0,0,0,0,0,0,0,0,0,0,0,0,0,0,234,0,2020
581,Deon Cain,PIT,0,24,2,0,0,0,0,0,0,0,0,0,0,0,0,0,0,0,0,0,0,0,0,0,0,0,0,0,241,0,2020
582,Raymond Calais,LAR,0,22,4,0,0,0,0,0,0,0,0,0,0,0,0,0,0,0,0,0,0,0,0,0,0,0,0,0,174,0,2020
583,Dan Chisena,MIN,0,23,14,0,0,0,0,0,0,0,0,0,0,0,0,0,0,0,0,0,0,0,0,0,0,0,0,0,247,0,2020
584,Matt Cole,SFO,0,24,1,0,0,0,0,0,0,0,0,0,0,0,0,0,0,0,0,0,0,0,0,0,0,0,0,0,246,0,2020
585,Nathan Cottrell,JAX,0,24,8,0,0,0,0,0,0,0,0,0,0,0,0,0,0,0,0,0,0,0,0,0,0,0,0,0,164,0,2020
586,Isaiah Coulter,HOU,0,22,1,0,0,0,0,0,0,0,0,0,0,0,0,0,0,0,0,0,0,0,0,0,0,0,0,0,240,0,2020
587,Jeremy Cox,DEN,0,24,7,1,0,0,0,0,0,0,0,0,0,0,0,0,0,0,0,0,0,0,0,0,0,0,0,0,173,0,2020
588,Sean Culkin,BAL,0,27,1,0,0,0,0,0,0,0,0,0,0,0,0,0,0,0,0,0,0,0,0,0,0,0,0,0,124,0,2020
589,Tyler Davis,JAX,0,23,8,0,0,0,0,0,0,0,0,0,0,2,0,0,0,0,0,0,0,0,0,0,0,0,0,0,136,0,2020
590,Seth Devalve,ARI,0,27,4,0,0,0,0,0,0,0,0,0,0,1,0,0,0,0,0,0,0,0,0,0,0,0,0,0,118,0,2020
591,Keelan Doss,LVR,0,24,1,0,0,0,0,0,0,0,0,0,0,0,0,0,0,0,0,0,0,0,0,0,0,0,0,0,250,0,2020
592,Trey Edmunds,PIT,0,26,4,0,0,0,0,0,0,0,0,0,0,0,0,0,0,0,0,0,0,0,0,0,0,0,0,0,167,0,2020
593,Rico Gafford,LVR,0,24,3,0,0,0,0,0,0,0,0,0,0,2,0,0,0,0,0,0,0,0,0,0,0,0,0,0,236,0,2020
594,Zach Gentry,PIT,0,24,2,1,0,0,0,0,0,0,0,0,0,0,0,0,0,0,0,0,0,0,0,0,0,0,0,0,137,0,2020
595,C.J. Goodwin,DAL,0,30,16,0,0,0,0,0,0,0,0,0,0,1,0,0,0,0,0,0,0,0,0,0,0,0,0,0,253,0,2020
596,Cyril Grayson,TAM,0,27,3,0,0,0,0,0,0,0,0,0,0,3,0,0,0,0,0,0,0,0,0,0,0,0,0,0,221,0,2020
597,Farrod Green,IND,0,23,1,0,0,0,0,0,0,0,0,0,0,0,0,0,0,0,0,0,0,0,0,0,0,0,0,0,129,0,2020
598,Garrett Griffin,NOR,0,26,4,3,0,0,0,0,0,0,0,0,0,0,0,0,0,0,0,0,0,0,0,0,0,0,0,0,127,0,2020
599,Justin Hardee,NOR,0,26,10,0,0,0,0,0,0,0,0,0,0,0,0,0,0,0,0,0,0,0,0,0,0,0,0,0,226,0,2020
600,Clark Harris,CIN,0,36,16,0,0,0,0,0,0,0,0,0,0,0,0,0,0,0,0,0,0,0,0,0,0,0,0,0,121,0,2020
601,Daniel Helm,SFO,0,25,5,0,0,0,0,0,0,0,0,0,0,0,0,0,0,0,0,0,0,0,0,0,0,0,0,0,131,0,2020
602,Hale Hentges,MIN,0,24,1,0,0,0,0,0,0,0,0,0,0,0,0,0,0,0,0,0,0,0,0,0,0,0,0,0,125,0,2020
603,J.P. Holtz,CHI,0,27,16,1,0,0,0,0,0,0,0,0,0,1,0,0,0,0,0,0,0,0,0,0,0,0,0,0,135,0,2020
604,Johnny Holton,NYG,0,30,1,0,0,0,0,0,0,0,0,0,0,0,0,0,0,0,0,0,0,0,0,0,0,0,0,0,220,0,2020
605,Brycen Hopkins,LAR,0,23,5,0,0,0,0,0,0,0,0,0,0,0,0,0,0,0,0,0,0,0,0,0,0,0,0,0,115,0,2020
606,Taiwan Jones,BUF,0,32,13,0,0,0,0,0,0,0,0,0,0,2,0,0,0,0,0,0,0,0,0,0,0,0,0,0,169,0,2020
607,Xavier Jones,LAR,0,23,13,0,0,0,0,0,0,0,0,0,0,0,0,0,0,0,0,0,0,0,0,0,0,0,0,0,165,0,2020
608,Javon Leake,WAS,0,22,1,0,0,0,0,0,0,0,0,0,0,0,0,0,0,0,0,0,0,0,0,0,0,0,0,0,166,0,2020
609,Jordan Matthews,SFO,0,28,2,0,0,0,0,0,0,0,0,0,0,0,0,0,0,0,0,0,0,0,0,0,0,0,0,0,224,0,2020
610,Sean McKeon,DAL,0,23,14,1,0,0,0,0,0,0,0,0,0,0,0,0,0,0,0,0,0,0,0,0,0,0,0,0,138,0,2020
611,Kirk Merritt,MIA,0,23,1,0,0,0,0,0,0,0,0,0,0,0,0,0,0,0,0,0,0,0,0,0,0,0,0,0,243,0,2020
612,Marken Michel,CAR,0,27,2,0,0,0,0,0,0,0,0,0,0,0,0,0,0,0,0,0,0,0,0,0,0,0,0,0,231,0,2020
613,Bruce Miller,JAX,RB,33,8,5,0,0,0,0,0,0,0,0,0,2,1,2,2.00,0,0,0,0,0,0,0,1.2,1.2,0.7,0,162,0,2020
614,Chris Moore,BAL,0,27,3,0,0,0,0,0,0,0,0,0,0,0,0,0,0,0,0,0,0,0,0,0,0,0,0,0,239,0,2020
615,Jason Moore,LAC,0,25,2,0,0,0,0,0,0,0,0,0,0,0,0,0,0,0,0,0,0,0,0,0,0,0,0,0,225,0,2020
616,Stanley Morgan Jr.,CIN,0,24,6,0,0,0,0,0,0,0,0,0,0,0,0,0,0,0,0,0,0,0,0,0,0,0,0,0,227,0,2020
617,Chris Myarick,MIA,0,25,3,0,0,0,0,0,0,0,0,0,0,0,0,0,0,0,0,0,0,0,0,0,0,0,0,0,128,0,2020
618,Jojo Natson,CLE,WR,26,3,0,0,0,0,0,0,1,3,3.00,0,0,0,0,0,0,0,0,0,0,0,0,0.3,0.3,0.3,0,216,0,2020
619,Isaac Nauta,DET,TE,23,7,0,0,0,0,0,0,0,0,0,0,2,1,3,3.00,0,0,0,0,0,0,0,1.3,1.3,0.8,0,112,0,2020
620,Qadree Ollison,ATL,RB,24,3,0,0,0,0,0,0,1,3,3.00,0,0,0,0,0,0,0,0,0,0,0,0,0.3,0.3,0.3,0,161,0,2020
621,Sewo Olonilua,DAL,0,23,2,0,0,0,0,0,0,0,0,0,0,0,0,0,0,0,0,0,0,0,0,0,0,0,0,0,170,0,2020
622,K.J. Osborn,MIN,0,23,9,0,0,0,0,0,0,0,0,0,0,0,0,0,0,0,2,0,0,0,0,0,0,0,0,0,232,0,2020
623,Dezmon Patmon,IND,0,22,1,0,0,0,0,0,0,0,0,0,0,0,0,0,0,0,0,0,0,0,0,0,0,0,0,0,228,0,2020
624,Trey Quinn,JAX,0,25,1,0,0,0,0,0,0,0,0,0,0,0,0,0,0,0,0,0,0,0,0,0,0,0,0,0,238,0,2020
625,Kevin Rader,PIT,0,25,1,1,0,0,0,0,0,0,0,0,0,1,0,0,0,0,0,0,0,0,0,0,0,0,0,0,139,0,2020
626,Chris Rowland,ATL,0,23,2,0,0,0,0,0,0,0,0,0,0,0,0,0,0,0,0,0,0,0,0,0,0,0,0,0,217,0,2020
627,Matt Schaub,ATL,QB,39,1,0,0,0,0,0,0,3,-4,-1.33,0,0,0,0,0,0,0,0,0,0,0,0,-0.4,-0.4,-0.4,0,79,0,2020
628,Mason Schreck,CIN,0,27,14,1,0,0,0,0,0,0,0,0,0,1,0,0,0,0,0,0,0,0,0,0,0,0,0,0,114,0,2020
629,Ricky Seals-Jones,KAN,0,25,2,0,0,0,0,0,0,0,0,0,0,1,0,0,0,0,0,0,0,0,0,0,0,0,0,0,140,0,2020
630,Tajae Sharpe,MIN,0,26,4,0,0,0,0,0,0,0,0,0,0,3,0,0,0,0,0,0,0,0,0,0,0,0,0,0,223,0,2020
631,Matthew Slater*,NWE,0,35,16,0,0,0,0,0,0,0,0,0,0,0,0,0,0,0,0,0,0,0,0,0,0,0,0,0,245,0,2020
632,Wendell Smallwood,PIT,0,26,1,0,0,0,0,0,0,0,0,0,0,0,0,0,0,0,0,0,0,0,0,0,0,0,0,0,175,0,2020
633,Matt Sokol,LAC,0,25,2,0,0,0,0,0,0,0,0,0,0,0,0,0,0,0,0,0,0,0,0,0,0,0,0,0,117,0,2020
634,Easton Stick,LAC,QB,25,1,0,1,1,4,0,0,1,-2,-2.00,0,0,0,0,0,0,0,0,0,0,0,0,0,0,0,0,78,0,2020
635,Stephen Sullivan,SEA,0,24,1,0,0,0,0,0,0,0,0,0,0,0,0,0,0,0,0,0,0,0,0,0,0,0,0,0,134,0,2020
636,Taywan Taylor,CLE,0,25,3,0,0,0,0,0,0,0,0,0,0,1,0,0,0,0,0,0,0,0,0,0,0,0,0,0,244,0,2020
637,Noah Togiai,IND,0,23,4,0,0,0,0,0,0,0,0,0,0,1,0,0,0,0,0,0,0,0,0,0,0,0,0,0,132,0,2020
638,Eric Tomlinson,2TM,0,28,7,2,0,0,0,0,0,0,0,0,0,1,0,0,0,0,0,0,0,0,0,0,0,0,0,0,116,0,2020
639,Ross Travis,NYJ,0,27,1,0,0,0,0,0,0,0,0,0,0,0,0,0,0,0,0,0,0,0,0,0,0,0,0,0,126,0,2020
640,Malik Turner,DAL,0,24,6,0,0,0,0,0,0,0,0,0,0,0,0,0,0,0,0,0,0,0,0,0,0,0,0,0,254,0,2020
641,Michael Warren,WAS,0,22,1,0,0,0,0,0,0,0,0,0,0,0,0,0,0,0,0,0,0,0,0,0,0,0,0,0,171,0,2020
642,Derek Watt,PIT,0,28,12,0,0,0,0,0,0,0,0,0,0,0,0,0,0,0,0,0,0,0,0,0,0,0,0,0,1,0,2020
643,Joe Webb,NYG,0,34,2,0,0,0,0,0,0,0,0,0,0,0,0,0,0,0,0,0,0,0,0,0,0,0,0,0,248,0,2020
644,Kevin White,SFO,0,28,3,0,0,0,0,0,0,0,0,0,0,0,0,0,0,0,0,0,0,0,0,0,0,0,0,0,249,0,2020
645,Kristian Wilkerson,NWE,0,23,1,0,0,0,0,0,0,0,0,0,0,0,0,0,0,0,0,0,0,0,0,0,0,0,0,0,219,0,2020
646,Derrick Willies,CLE,0,26,1,0,0,0,0,0,0,0,0,0,0,0,0,0,0,0,0,0,0,0,0,0,0,0,0,0,235,0,2020
647,Duke Williams,BUF,0,28,1,0,0,0,0,0,0,0,0,0,0,0,0,0,0,0,0,0,0,0,0,0,0,0,0,0,242,0,2020
648,Caleb Wilson,PHI,0,24,5,0,0,0,0,0,0,0,0,0,0,0,0,0,0,0,0,0,0,0,0,0,0,0,0,0,123,0,2020
649,Juwann Winfree,GNB,0,24,2,0,0,0,0,0,0,0,0,0,0,0,0,0,0,0,0,0,0,0,0,0,0,0,0,0,230,0,2020
650,Tim Boyle,GNB,QB,26,8,0,0,0,0,0,0,13,-9,-0.69,0,0,0,0,0,0,1,0,0,0,0,-1,-0.9,-0.9,-0.9,0,80,0,2020
651,DeAndre Carter,2TM,WR,27,13,0,0,0,0,0,0,0,0,0,0,2,1,8,8.00,0,2,1,0,0,0,-1,-0.2,0.8,-0.7,0,256,0,2020
652,Adrian Killins,PHI,RB,22,1,0,0,0,0,0,0,1,-12,-12.00,0,1,1,2,2.00,0,0,0,0,0,0,-1,0,0,-0.5,0,176,0,2020
653,Andre Roberts*,BUF,WR,32,15,0,0,0,0,0,0,1,-3,-3.00,0,5,4,34,8.50,0,3,2,0,0,0,-1,3.1,5.1,1.1,0,255,0,2020
654,Dwayne Harris,CHI,0,33,3,0,0,0,0,0,0,0,0,0,0,0,0,0,0,0,1,1,0,0,0,-2,-2.0,-1.0,-2.0,0,259,0,2020
655,Nate Sudfeld,PHI,QB,27,1,0,5,12,32,0,1,2,12,6.00,0,0,0,0,0,0,1,1,0,0,0,-2,-1.5,0.5,-0.5,0,81,0,2020
656,Nsimba Webster,LAR,0,24,16,0,0,0,0,0,0,0,0,0,0,0,0,0,0,0,3,1,0,0,0,-2,-2.0,-1.0,-2.0,0,258,0,2020
657,Dede Westbrook,JAX,WR,27,2,0,0,0,0,0,0,0,0,0,0,1,1,4,4.00,0,1,1,0,0,0,-2,-0.6,0.4,-1.1,0,257,0,2020
658,Kendall Hinton,DEN,WR,23,1,0,1,9,13,0,2,2,7,3.50,0,0,0,0,0,0,0,0,0,0,0,-3,-2.8,-0.8,-0.8,0,260,0,2020
